time_ms,w,a,s,d,w_down,a_down,s_down,d_down,space,ctrl,shift,mouse1,mouse2,status
0.000,0.000000,0.000000,0.000000,0.000000,false,false,false,false,false,false,false,false,false,0x0001
1.000,0.000000,0.000000,0.000000,0.000000,false,false,false,false,false,false,false,false,false,0x0001
2.000,0.000000,0.000000,0.000000,0.000000,false,false,false,false,false,false,false,false,false,0x0001
3.000,0.000000,0.000000,0.000000,0.000000,false,false,false,false,false,false,false,false,false,0x0001
4.000,0.000000,0.000000,0.000000,0.000000,false,false,false,false,false,false,false,false,false,0x0001
5.000,0.000000,0.000000,0.000000,0.000000,false,false,false,false,false,false,false,false,false,0x0001
6.000,0.000000,0.000000,0.000000,0.000000,false,false,false,false,false,false,false,false,false,0x0001
7.000,0.000000,0.000000,0.000000,0.000000,false,false,false,false,false,false,false,false,false,0x0001
8.000,0.000000,0.000000,0.000000,0.000000,false,false,false,false,false,false,false,false,false,0x0001
9.000,0.000000,0.000000,0.000000,0.000000,false,false,false,false,false,false,false,false,false,0x0001
10.000,0.000000,0.000000,0.000000,0.000000,false,false,false,false,false,false,false,false,false,0x0001
11.000,0.000000,0.000000,0.000000,0.000000,false,false,false,false,false,false,false,false,false,0x0001
12.000,0.000000,0.000000,0.000000,0.000000,false,false,false,false,false,false,false,false,false,0x0001
13.000,0.000000,0.000000,0.000000,0.000000,false,false,false,false,false,false,false,false,false,0x0001
14.000,0.000000,0.000000,0.000000,0.000000,false,false,false,false,false,false,false,false,false,0x0001
15.000,0.000000,0.000000,0.000000,0.000000,false,false,false,false,false,false,false,false,false,0x0001
16.000,0.000000,0.000000,0.000000,0.000000,false,false,false,false,false,false,false,false,false,0x0001
17.000,0.000000,0.000000,0.000000,0.000000,false,false,false,false,false,false,false,false,false,0x0001
18.000,0.000000,0.000000,0.000000,0.000000,false,false,false,false,false,false,false,false,false,0x0001
19.000,0.000000,0.000000,0.000000,0.000000,false,false,false,false,false,false,false,false,false,0x0001
20.000,0.000000,0.000000,0.000000,0.000000,false,false,false,false,false,false,false,false,false,0x0001
21.000,0.000000,0.000000,0.000000,0.000000,false,false,false,false,false,false,false,false,false,0x0001
22.000,0.000000,0.000000,0.000000,0.000000,false,false,false,false,false,false,false,false,false,0x0001
23.000,0.000000,0.000000,0.000000,0.000000,false,false,false,false,false,false,false,false,false,0x0001
24.000,0.000000,0.000000,0.000000,0.000000,false,false,false,false,false,false,false,false,false,0x0001
25.000,0.000000,0.000000,0.000000,0.000000,false,false,false,false,false,false,false,false,false,0x0001
26.000,0.000000,0.000000,0.000000,0.000000,false,false,false,false,false,false,false,false,false,0x0001
27.000,0.000000,0.000000,0.000000,0.000000,false,false,false,false,false,false,false,false,false,0x0001
28.000,0.000000,0.000000,0.000000,0.000000,false,false,false,false,false,false,false,false,false,0x0001
29.000,0.000000,0.000000,0.000000,0.000000,false,false,false,false,false,false,false,false,false,0x0001
30.000,0.000000,0.000000,0.000000,0.000000,false,false,false,false,false,false,false,false,false,0x0001
31.000,0.000000,0.000000,0.000000,0.000000,false,false,false,false,false,false,false,false,false,0x0001
32.000,0.000000,0.000000,0.000000,0.000000,false,false,false,false,false,false,false,false,false,0x0001
33.000,0.000000,0.000000,0.000000,0.000000,false,false,false,false,false,false,false,false,false,0x0001
34.000,0.000000,0.000000,0.000000,0.000000,false,false,false,false,false,false,false,false,false,0x0001
35.000,0.000000,0.000000,0.000000,0.000000,false,false,false,false,false,false,false,false,false,0x0001
36.000,0.000000,0.000000,0.000000,0.000000,false,false,false,false,false,false,false,false,false,0x0001
37.000,0.000000,0.000000,0.000000,0.000000,false,false,false,false,false,false,false,false,false,0x0001
38.000,0.000000,0.000000,0.000000,0.000000,false,false,false,false,false,false,false,false,false,0x0001
39.000,0.000000,0.000000,0.000000,0.000000,false,false,false,false,false,false,false,false,false,0x0001
40.000,0.000000,0.000000,0.000000,0.000000,false,false,false,false,false,false,false,false,false,0x0001
41.000,0.000000,0.000000,0.000000,0.000000,false,false,false,false,false,false,false,false,false,0x0001
42.000,0.000000,0.000000,0.000000,0.000000,false,false,false,false,false,false,false,false,false,0x0001
43.000,0.000000,0.000000,0.000000,0.000000,false,false,false,false,false,false,false,false,false,0x0001
44.000,0.000000,0.000000,0.000000,0.000000,false,false,false,false,false,false,false,false,false,0x0001
45.000,0.000000,0.000000,0.000000,0.000000,false,false,false,false,false,false,false,false,false,0x0001
46.000,0.000000,0.000000,0.000000,0.000000,false,false,false,false,false,false,false,false,false,0x0001
47.000,0.000000,0.000000,0.000000,0.000000,false,false,false,false,false,false,false,false,false,0x0001
48.000,0.000000,0.000000,0.000000,0.000000,false,false,false,false,false,false,false,false,false,0x0001
49.000,0.000000,0.000000,0.000000,0.000000,false,false,false,false,false,false,false,false,false,0x0001
50.000,0.000000,0.000000,0.000000,0.000000,false,false,false,false,false,false,false,false,false,0x0001
51.000,0.000000,0.000000,0.000000,0.000000,false,false,false,false,false,false,false,false,false,0x0001
52.000,0.000000,0.000000,0.000000,0.000000,false,false,false,false,false,false,false,false,false,0x0001
53.000,0.000000,0.000000,0.000000,0.000000,false,false,false,false,false,false,false,false,false,0x0001
54.000,0.000000,0.000000,0.000000,0.000000,false,false,false,false,false,false,false,false,false,0x0001
55.000,0.000000,0.000000,0.000000,0.000000,false,false,false,false,false,false,false,false,false,0x0001
56.000,0.000000,0.000000,0.000000,0.000000,false,false,false,false,false,false,false,false,false,0x0001
57.000,0.000000,0.000000,0.000000,0.000000,false,false,false,false,false,false,false,false,false,0x0001
58.000,0.000000,0.000000,0.000000,0.000000,false,false,false,false,false,false,false,false,false,0x0001
59.000,0.000000,0.000000,0.000000,0.000000,false,false,false,false,false,false,false,false,false,0x0001
60.000,0.000000,0.000000,0.000000,0.000000,false,false,false,false,false,false,false,false,false,0x0001
61.000,0.000000,0.000000,0.000000,0.000000,false,false,false,false,false,false,false,false,false,0x0001
62.000,0.000000,0.000000,0.000000,0.000000,false,false,false,false,false,false,false,false,false,0x0001
63.000,0.000000,0.000000,0.000000,0.000000,false,false,false,false,false,false,false,false,false,0x0001
64.000,0.000000,0.000000,0.000000,0.000000,false,false,false,false,false,false,false,false,false,0x0001
65.000,0.000000,0.000000,0.000000,0.000000,false,false,false,false,false,false,false,false,false,0x0001
66.000,0.000000,0.000000,0.000000,0.000000,false,false,false,false,false,false,false,false,false,0x0001
67.000,0.000000,0.000000,0.000000,0.000000,false,false,false,false,false,false,false,false,false,0x0001
68.000,0.000000,0.000000,0.000000,0.000000,false,false,false,false,false,false,false,false,false,0x0001
69.000,0.000000,0.000000,0.000000,0.000000,false,false,false,false,false,false,false,false,false,0x0001
70.000,0.000000,0.000000,0.000000,0.000000,false,false,false,false,false,false,false,false,false,0x0001
71.000,0.000000,0.000000,0.000000,0.000000,false,false,false,false,false,false,false,false,false,0x0001
72.000,0.000000,0.000000,0.000000,0.000000,false,false,false,false,false,false,false,false,false,0x0001
73.000,0.000000,0.000000,0.000000,0.000000,false,false,false,false,false,false,false,false,false,0x0001
74.000,0.000000,0.000000,0.000000,0.000000,false,false,false,false,false,false,false,false,false,0x0001
75.000,0.000000,0.000000,0.000000,0.000000,false,false,false,false,false,false,false,false,false,0x0001
76.000,0.000000,0.000000,0.000000,0.000000,false,false,false,false,false,false,false,false,false,0x0001
77.000,0.000000,0.000000,0.000000,0.000000,false,false,false,false,false,false,false,false,false,0x0001
78.000,0.000000,0.000000,0.000000,0.000000,false,false,false,false,false,false,false,false,false,0x0001
79.000,0.000000,0.000000,0.000000,0.000000,false,false,false,false,false,false,false,false,false,0x0001
80.000,0.000000,0.000000,0.000000,0.000000,false,false,false,false,false,false,false,false,false,0x0001
81.000,0.000000,0.000000,0.000000,0.000000,false,false,false,false,false,false,false,false,false,0x0001
82.000,0.000000,0.000000,0.000000,0.000000,false,false,false,false,false,false,false,false,false,0x0001
83.000,0.000000,0.000000,0.000000,0.000000,false,false,false,false,false,false,false,false,false,0x0001
84.000,0.000000,0.000000,0.000000,0.000000,false,false,false,false,false,false,false,false,false,0x0001
85.000,0.000000,0.000000,0.000000,0.000000,false,false,false,false,false,false,false,false,false,0x0001
86.000,0.000000,0.000000,0.000000,0.000000,false,false,false,false,false,false,false,false,false,0x0001
87.000,0.000000,0.000000,0.000000,0.000000,false,false,false,false,false,false,false,false,false,0x0001
88.000,0.000000,0.000000,0.000000,0.000000,false,false,false,false,false,false,false,false,false,0x0001
89.000,0.000000,0.000000,0.000000,0.000000,false,false,false,false,false,false,false,false,false,0x0001
90.000,0.000000,0.000000,0.000000,0.000000,false,false,false,false,false,false,false,false,false,0x0001
91.000,0.000000,0.000000,0.000000,0.000000,false,false,false,false,false,false,false,false,false,0x0001
92.000,0.000000,0.000000,0.000000,0.000000,false,false,false,false,false,false,false,false,false,0x0001
93.000,0.000000,0.000000,0.000000,0.000000,false,false,false,false,false,false,false,false,false,0x0001
94.000,0.000000,0.000000,0.000000,0.000000,false,false,false,false,false,false,false,false,false,0x0001
95.000,0.000000,0.000000,0.000000,0.000000,false,false,false,false,false,false,false,false,false,0x0001
96.000,0.000000,0.000000,0.000000,0.000000,false,false,false,false,false,false,false,false,false,0x0001
97.000,0.000000,0.000000,0.000000,0.000000,false,false,false,false,false,false,false,false,false,0x0001
98.000,0.000000,0.000000,0.000000,0.000000,false,false,false,false,false,false,false,false,false,0x0001
99.000,0.000000,0.000000,0.000000,0.000000,false,false,false,false,false,false,false,false,false,0x0001
100.000,0.000000,0.000000,0.000000,0.000000,false,false,false,false,false,false,false,false,false,0x0001
101.000,0.000000,0.000000,0.000000,0.000000,false,false,false,false,false,false,false,false,false,0x0001
102.000,0.000000,0.000000,0.000000,0.000000,false,false,false,false,false,false,false,false,false,0x0001
103.000,0.000000,0.000000,0.000000,0.000000,false,false,false,false,false,false,false,false,false,0x0001
104.000,0.000000,0.000000,0.000000,0.000000,false,false,false,false,false,false,false,false,false,0x0001
105.000,0.000000,0.000000,0.000000,0.000000,false,false,false,false,false,false,false,false,false,0x0001
106.000,0.000000,0.000000,0.000000,0.000000,false,false,false,false,false,false,false,false,false,0x0001
107.000,0.000000,0.000000,0.000000,0.000000,false,false,false,false,false,false,false,false,false,0x0001
108.000,0.000000,0.000000,0.000000,0.000000,false,false,false,false,false,false,false,false,false,0x0001
109.000,0.000000,0.000000,0.000000,0.000000,false,false,false,false,false,false,false,false,false,0x0001
110.000,0.000000,0.000000,0.000000,0.000000,false,false,false,false,false,false,false,false,false,0x0001
111.000,0.000000,0.000000,0.000000,0.000000,false,false,false,false,false,false,false,false,false,0x0001
112.000,0.000000,0.000000,0.000000,0.000000,false,false,false,false,false,false,false,false,false,0x0001
113.000,0.000000,0.000000,0.000000,0.000000,false,false,false,false,false,false,false,false,false,0x0001
114.000,0.000000,0.000000,0.000000,0.000000,false,false,false,false,false,false,false,false,false,0x0001
115.000,0.000000,0.000000,0.000000,0.000000,false,false,false,false,false,false,false,false,false,0x0001
116.000,0.000000,0.000000,0.000000,0.000000,false,false,false,false,false,false,false,false,false,0x0001
117.000,0.000000,0.000000,0.000000,0.000000,false,false,false,false,false,false,false,false,false,0x0001
118.000,0.000000,0.000000,0.000000,0.000000,false,false,false,false,false,false,false,false,false,0x0001
119.000,0.000000,0.000000,0.000000,0.000000,false,false,false,false,false,false,false,false,false,0x0001
120.000,0.000000,0.000000,0.000000,0.000000,false,false,false,false,false,false,false,false,false,0x0001
121.000,0.000000,0.000000,0.000000,0.000000,false,false,false,false,false,false,false,false,false,0x0001
122.000,0.000000,0.000000,0.000000,0.000000,false,false,false,false,false,false,false,false,false,0x0001
123.000,0.000000,0.000000,0.000000,0.000000,false,false,false,false,false,false,false,false,false,0x0001
124.000,0.000000,0.000000,0.000000,0.000000,false,false,false,false,false,false,false,false,false,0x0001
125.000,0.000000,0.000000,0.000000,0.000000,false,false,false,false,false,false,false,false,false,0x0001
126.000,0.000000,0.000000,0.000000,0.000000,false,false,false,false,false,false,false,false,false,0x0001
127.000,0.000000,0.000000,0.000000,0.000000,false,false,false,false,false,false,false,false,false,0x0001
128.000,0.000000,0.000000,0.000000,0.000000,false,false,false,false,false,false,false,false,false,0x0001
129.000,0.000000,0.000000,0.000000,0.000000,false,false,false,false,false,false,false,false,false,0x0001
130.000,0.000000,0.000000,0.000000,0.000000,false,false,false,false,false,false,false,false,false,0x0001
131.000,0.000000,0.000000,0.000000,0.000000,false,false,false,false,false,false,false,false,false,0x0001
132.000,0.000000,0.000000,0.000000,0.000000,false,false,false,false,false,false,false,false,false,0x0001
133.000,0.000000,0.000000,0.000000,0.000000,false,false,false,false,false,false,false,false,false,0x0001
134.000,0.000000,0.000000,0.000000,0.000000,false,false,false,false,false,false,false,false,false,0x0001
135.000,0.000000,0.000000,0.000000,0.000000,false,false,false,false,false,false,false,false,false,0x0001
136.000,0.000000,0.000000,0.000000,0.000000,false,false,false,false,false,false,false,false,false,0x0001
137.000,0.000000,0.000000,0.000000,0.000000,false,false,false,false,false,false,false,false,false,0x0001
138.000,0.000000,0.000000,0.000000,0.000000,false,false,false,false,false,false,false,false,false,0x0001
139.000,0.000000,0.000000,0.000000,0.000000,false,false,false,false,false,false,false,false,false,0x0001
140.000,0.000000,0.000000,0.000000,0.000000,false,false,false,false,false,false,false,false,false,0x0001
141.000,0.000000,0.000000,0.000000,0.000000,false,false,false,false,false,false,false,false,false,0x0001
142.000,0.000000,0.000000,0.000000,0.000000,false,false,false,false,false,false,false,false,false,0x0001
143.000,0.000000,0.000000,0.000000,0.000000,false,false,false,false,false,false,false,false,false,0x0001
144.000,0.000000,0.000000,0.000000,0.000000,false,false,false,false,false,false,false,false,false,0x0001
145.000,0.000000,0.000000,0.000000,0.000000,false,false,false,false,false,false,false,false,false,0x0001
146.000,0.000000,0.000000,0.000000,0.000000,false,false,false,false,false,false,false,false,false,0x0001
147.000,0.000000,0.000000,0.000000,0.000000,false,false,false,false,false,false,false,false,false,0x0001
148.000,0.000000,0.000000,0.000000,0.000000,false,false,false,false,false,false,false,false,false,0x0001
149.000,0.000000,0.000000,0.000000,0.000000,false,false,false,false,false,false,false,false,false,0x0001
150.000,0.000000,0.000000,0.000000,0.000000,false,false,false,false,false,false,false,false,false,0x0001
151.000,0.000000,0.000000,0.000000,0.000000,false,false,false,false,false,false,false,false,false,0x0001
152.000,0.000000,0.000000,0.000000,0.000000,false,false,false,false,false,false,false,false,false,0x0001
153.000,0.000000,0.000000,0.000000,0.000000,false,false,false,false,false,false,false,false,false,0x0001
154.000,0.000000,0.000000,0.000000,0.000000,false,false,false,false,false,false,false,false,false,0x0001
155.000,0.000000,0.000000,0.000000,0.000000,false,false,false,false,false,false,false,false,false,0x0001
156.000,0.000000,0.000000,0.000000,0.000000,false,false,false,false,false,false,false,false,false,0x0001
157.000,0.000000,0.000000,0.000000,0.000000,false,false,false,false,false,false,false,false,false,0x0001
158.000,0.000000,0.000000,0.000000,0.000000,false,false,false,false,false,false,false,false,false,0x0001
159.000,0.000000,0.000000,0.000000,0.000000,false,false,false,false,false,false,false,false,false,0x0001
160.000,0.000000,0.000000,0.000000,0.000000,false,false,false,false,false,false,false,false,false,0x0001
161.000,0.000000,0.000000,0.000000,0.000000,false,false,false,false,false,false,false,false,false,0x0001
162.000,0.000000,0.000000,0.000000,0.000000,false,false,false,false,false,false,false,false,false,0x0001
163.000,0.000000,0.000000,0.000000,0.000000,false,false,false,false,false,false,false,false,false,0x0001
164.000,0.000000,0.000000,0.000000,0.000000,false,false,false,false,false,false,false,false,false,0x0001
165.000,0.000000,0.000000,0.000000,0.000000,false,false,false,false,false,false,false,false,false,0x0001
166.000,0.000000,0.000000,0.000000,0.000000,false,false,false,false,false,false,false,false,false,0x0001
167.000,0.000000,0.000000,0.000000,0.000000,false,false,false,false,false,false,false,false,false,0x0001
168.000,0.000000,0.000000,0.000000,0.000000,false,false,false,false,false,false,false,false,false,0x0001
169.000,0.000000,0.000000,0.000000,0.000000,false,false,false,false,false,false,false,false,false,0x0001
170.000,0.000000,0.000000,0.000000,0.000000,false,false,false,false,false,false,false,false,false,0x0001
171.000,0.000000,0.000000,0.000000,0.000000,false,false,false,false,false,false,false,false,false,0x0001
172.000,0.000000,0.000000,0.000000,0.000000,false,false,false,false,false,false,false,false,false,0x0001
173.000,0.000000,0.000000,0.000000,0.000000,false,false,false,false,false,false,false,false,false,0x0001
174.000,0.000000,0.000000,0.000000,0.000000,false,false,false,false,false,false,false,false,false,0x0001
175.000,0.000000,0.000000,0.000000,0.000000,false,false,false,false,false,false,false,false,false,0x0001
176.000,0.000000,0.000000,0.000000,0.000000,false,false,false,false,false,false,false,false,false,0x0001
177.000,0.000000,0.000000,0.000000,0.000000,false,false,false,false,false,false,false,false,false,0x0001
178.000,0.000000,0.000000,0.000000,0.000000,false,false,false,false,false,false,false,false,false,0x0001
179.000,0.000000,0.000000,0.000000,0.000000,false,false,false,false,false,false,false,false,false,0x0001
180.000,0.000000,0.000000,0.000000,0.000000,false,false,false,false,false,false,false,false,false,0x0001
181.000,0.000000,0.000000,0.000000,0.000000,false,false,false,false,false,false,false,false,false,0x0001
182.000,0.000000,0.000000,0.000000,0.000000,false,false,false,false,false,false,false,false,false,0x0001
183.000,0.000000,0.000000,0.000000,0.000000,false,false,false,false,false,false,false,false,false,0x0001
184.000,0.000000,0.000000,0.000000,0.000000,false,false,false,false,false,false,false,false,false,0x0001
185.000,0.000000,0.000000,0.000000,0.000000,false,false,false,false,false,false,false,false,false,0x0001
186.000,0.000000,0.000000,0.000000,0.000000,false,false,false,false,false,false,false,false,false,0x0001
187.000,0.000000,0.000000,0.000000,0.000000,false,false,false,false,false,false,false,false,false,0x0001
188.000,0.000000,0.000000,0.000000,0.000000,false,false,false,false,false,false,false,false,false,0x0001
189.000,0.000000,0.000000,0.000000,0.000000,false,false,false,false,false,false,false,false,false,0x0001
190.000,0.000000,0.000000,0.000000,0.000000,false,false,false,false,false,false,false,false,false,0x0001
191.000,0.000000,0.000000,0.000000,0.000000,false,false,false,false,false,false,false,false,false,0x0001
192.000,0.000000,0.000000,0.000000,0.000000,false,false,false,false,false,false,false,false,false,0x0001
193.000,0.000000,0.000000,0.000000,0.000000,false,false,false,false,false,false,false,false,false,0x0001
194.000,0.000000,0.000000,0.000000,0.000000,false,false,false,false,false,false,false,false,false,0x0001
195.000,0.000000,0.000000,0.000000,0.000000,false,false,false,false,false,false,false,false,false,0x0001
196.000,0.000000,0.000000,0.000000,0.000000,false,false,false,false,false,false,false,false,false,0x0001
197.000,0.000000,0.000000,0.000000,0.000000,false,false,false,false,false,false,false,false,false,0x0001
198.000,0.000000,0.000000,0.000000,0.000000,false,false,false,false,false,false,false,false,false,0x0001
199.000,0.000000,0.000000,0.000000,0.000000,false,false,false,false,false,false,false,false,false,0x0001
200.000,0.000000,0.000000,0.000000,0.000000,false,false,false,false,false,false,false,false,false,0x0001
201.000,0.000000,0.000000,0.000000,0.000000,false,false,false,false,false,false,false,false,false,0x0001
202.000,0.000000,0.000000,0.000000,0.000000,false,false,false,false,false,false,false,false,false,0x0001
203.000,0.000000,0.000000,0.000000,0.000000,false,false,false,false,false,false,false,false,false,0x0001
204.000,0.000000,0.000000,0.000000,0.000000,false,false,false,false,false,false,false,false,false,0x0001
205.000,0.000000,0.000000,0.000000,0.000000,false,false,false,false,false,false,false,false,false,0x0001
206.000,0.000000,0.000000,0.000000,0.000000,false,false,false,false,false,false,false,false,false,0x0001
207.000,0.000000,0.000000,0.000000,0.000000,false,false,false,false,false,false,false,false,false,0x0001
208.000,0.000000,0.000000,0.000000,0.000000,false,false,false,false,false,false,false,false,false,0x0001
209.000,0.000000,0.000000,0.000000,0.000000,false,false,false,false,false,false,false,false,false,0x0001
210.000,0.000000,0.000000,0.000000,0.000000,false,false,false,false,false,false,false,false,false,0x0001
211.000,0.000000,0.000000,0.000000,0.000000,false,false,false,false,false,false,false,false,false,0x0001
212.000,0.000000,0.000000,0.000000,0.000000,false,false,false,false,false,false,false,false,false,0x0001
213.000,0.000000,0.000000,0.000000,0.000000,false,false,false,false,false,false,false,false,false,0x0001
214.000,0.000000,0.000000,0.000000,0.000000,false,false,false,false,false,false,false,false,false,0x0001
215.000,0.000000,0.000000,0.000000,0.000000,false,false,false,false,false,false,false,false,false,0x0001
216.000,0.000000,0.000000,0.000000,0.000000,false,false,false,false,false,false,false,false,false,0x0001
217.000,0.000000,0.000000,0.000000,0.000000,false,false,false,false,false,false,false,false,false,0x0001
218.000,0.000000,0.000000,0.000000,0.000000,false,false,false,false,false,false,false,false,false,0x0001
219.000,0.000000,0.000000,0.000000,0.000000,false,false,false,false,false,false,false,false,false,0x0001
220.000,0.000000,0.000000,0.000000,0.000000,false,false,false,false,false,false,false,false,false,0x0001
221.000,0.000000,0.000000,0.000000,0.000000,false,false,false,false,false,false,false,false,false,0x0001
222.000,0.000000,0.000000,0.000000,0.000000,false,false,false,false,false,false,false,false,false,0x0001
223.000,0.000000,0.000000,0.000000,0.000000,false,false,false,false,false,false,false,false,false,0x0001
224.000,0.000000,0.000000,0.000000,0.000000,false,false,false,false,false,false,false,false,false,0x0001
225.000,0.000000,0.000000,0.000000,0.000000,false,false,false,false,false,false,false,false,false,0x0001
226.000,0.000000,0.000000,0.000000,0.000000,false,false,false,false,false,false,false,false,false,0x0001
227.000,0.000000,0.000000,0.000000,0.000000,false,false,false,false,false,false,false,false,false,0x0001
228.000,0.000000,0.000000,0.000000,0.000000,false,false,false,false,false,false,false,false,false,0x0001
229.000,0.000000,0.000000,0.000000,0.000000,false,false,false,false,false,false,false,false,false,0x0001
230.000,0.000000,0.000000,0.000000,0.000000,false,false,false,false,false,false,false,false,false,0x0001
231.000,0.000000,0.000000,0.000000,0.000000,false,false,false,false,false,false,false,false,false,0x0001
232.000,0.000000,0.000000,0.000000,0.000000,false,false,false,false,false,false,false,false,false,0x0001
233.000,0.000000,0.000000,0.000000,0.000000,false,false,false,false,false,false,false,false,false,0x0001
234.000,0.000000,0.000000,0.000000,0.000000,false,false,false,false,false,false,false,false,false,0x0001
235.000,0.000000,0.000000,0.000000,0.000000,false,false,false,false,false,false,false,false,false,0x0001
236.000,0.000000,0.000000,0.000000,0.000000,false,false,false,false,false,false,false,false,false,0x0001
237.000,0.000000,0.000000,0.000000,0.000000,false,false,false,false,false,false,false,false,false,0x0001
238.000,0.000000,0.000000,0.000000,0.000000,false,false,false,false,false,false,false,false,false,0x0001
239.000,0.000000,0.000000,0.000000,0.000000,false,false,false,false,false,false,false,false,false,0x0001
240.000,0.000000,0.000000,0.000000,0.000000,false,false,false,false,false,false,false,false,false,0x0001
241.000,0.000000,0.000000,0.000000,0.000000,false,false,false,false,false,false,false,false,false,0x0001
242.000,0.000000,0.000000,0.000000,0.000000,false,false,false,false,false,false,false,false,false,0x0001
243.000,0.000000,0.000000,0.000000,0.000000,false,false,false,false,false,false,false,false,false,0x0001
244.000,0.000000,0.000000,0.000000,0.000000,false,false,false,false,false,false,false,false,false,0x0001
245.000,0.000000,0.000000,0.000000,0.000000,false,false,false,false,false,false,false,false,false,0x0001
246.000,0.000000,0.000000,0.000000,0.000000,false,false,false,false,false,false,false,false,false,0x0001
247.000,0.000000,0.000000,0.000000,0.000000,false,false,false,false,false,false,false,false,false,0x0001
248.000,0.000000,0.000000,0.000000,0.000000,false,false,false,false,false,false,false,false,false,0x0001
249.000,0.000000,0.000000,0.000000,0.000000,false,false,false,false,false,false,false,false,false,0x0001
250.000,0.000000,0.000000,0.000000,0.000000,false,false,false,false,false,false,false,false,false,0x0001
251.000,0.000000,0.000000,0.000000,0.000000,false,false,false,false,false,false,false,false,false,0x0001
252.000,0.000000,0.000000,0.000000,0.000000,false,false,false,false,false,false,false,false,false,0x0001
253.000,0.000000,0.000000,0.000000,0.000000,false,false,false,false,false,false,false,false,false,0x0001
254.000,0.000000,0.000000,0.000000,0.000000,false,false,false,false,false,false,false,false,false,0x0001
255.000,0.000000,0.000000,0.000000,0.000000,false,false,false,false,false,false,false,false,false,0x0001
256.000,0.000000,0.000000,0.000000,0.000000,false,false,false,false,false,false,false,false,false,0x0001
257.000,0.000000,0.000000,0.000000,0.000000,false,false,false,false,false,false,false,false,false,0x0001
258.000,0.000000,0.000000,0.000000,0.000000,false,false,false,false,false,false,false,false,false,0x0001
259.000,0.000000,0.000000,0.000000,0.000000,false,false,false,false,false,false,false,false,false,0x0001
260.000,0.000000,0.000000,0.000000,0.000000,false,false,false,false,false,false,false,false,false,0x0001
261.000,0.000000,0.000000,0.000000,0.000000,false,false,false,false,false,false,false,false,false,0x0001
262.000,0.000000,0.000000,0.000000,0.000000,false,false,false,false,false,false,false,false,false,0x0001
263.000,0.000000,0.000000,0.000000,0.000000,false,false,false,false,false,false,false,false,false,0x0001
264.000,0.000000,0.000000,0.000000,0.000000,false,false,false,false,false,false,false,false,false,0x0001
265.000,0.000000,0.000000,0.000000,0.000000,false,false,false,false,false,false,false,false,false,0x0001
266.000,0.000000,0.000000,0.000000,0.000000,false,false,false,false,false,false,false,false,false,0x0001
267.000,0.000000,0.000000,0.000000,0.000000,false,false,false,false,false,false,false,false,false,0x0001
268.000,0.000000,0.000000,0.000000,0.000000,false,false,false,false,false,false,false,false,false,0x0001
269.000,0.000000,0.000000,0.000000,0.000000,false,false,false,false,false,false,false,false,false,0x0001
270.000,0.000000,0.000000,0.000000,0.000000,false,false,false,false,false,false,false,false,false,0x0001
271.000,0.000000,0.000000,0.000000,0.000000,false,false,false,false,false,false,false,false,false,0x0001
272.000,0.000000,0.000000,0.000000,0.000000,false,false,false,false,false,false,false,false,false,0x0001
273.000,0.000000,0.000000,0.000000,0.000000,false,false,false,false,false,false,false,false,false,0x0001
274.000,0.000000,0.000000,0.000000,0.000000,false,false,false,false,false,false,false,false,false,0x0001
275.000,0.000000,0.000000,0.000000,0.000000,false,false,false,false,false,false,false,false,false,0x0001
276.000,0.000000,0.000000,0.000000,0.000000,false,false,false,false,false,false,false,false,false,0x0001
277.000,0.000000,0.000000,0.000000,0.000000,false,false,false,false,false,false,false,false,false,0x0001
278.000,0.000000,0.000000,0.000000,0.000000,false,false,false,false,false,false,false,false,false,0x0001
279.000,0.000000,0.000000,0.000000,0.000000,false,false,false,false,false,false,false,false,false,0x0001
280.000,0.000000,0.000000,0.000000,0.000000,false,false,false,false,false,false,false,false,false,0x0001
281.000,0.000000,0.000000,0.000000,0.000000,false,false,false,false,false,false,false,false,false,0x0001
282.000,0.000000,0.000000,0.000000,0.000000,false,false,false,false,false,false,false,false,false,0x0001
283.000,0.000000,0.000000,0.000000,0.000000,false,false,false,false,false,false,false,false,false,0x0001
284.000,0.000000,0.000000,0.000000,0.000000,false,false,false,false,false,false,false,false,false,0x0001
285.000,0.000000,0.000000,0.000000,0.000000,false,false,false,false,false,false,false,false,false,0x0001
286.000,0.000000,0.000000,0.000000,0.000000,false,false,false,false,false,false,false,false,false,0x0001
287.000,0.000000,0.000000,0.000000,0.000000,false,false,false,false,false,false,false,false,false,0x0001
288.000,0.000000,0.000000,0.000000,0.000000,false,false,false,false,false,false,false,false,false,0x0001
289.000,0.000000,0.000000,0.000000,0.000000,false,false,false,false,false,false,false,false,false,0x0001
290.000,0.000000,0.000000,0.000000,0.000000,false,false,false,false,false,false,false,false,false,0x0001
291.000,0.000000,0.000000,0.000000,0.000000,false,false,false,false,false,false,false,false,false,0x0001
292.000,0.000000,0.000000,0.000000,0.000000,false,false,false,false,false,false,false,false,false,0x0001
293.000,0.000000,0.000000,0.000000,0.000000,false,false,false,false,false,false,false,false,false,0x0001
294.000,0.000000,0.000000,0.000000,0.000000,false,false,false,false,false,false,false,false,false,0x0001
295.000,0.000000,0.000000,0.000000,0.000000,false,false,false,false,false,false,false,false,false,0x0001
296.000,0.000000,0.000000,0.000000,0.000000,false,false,false,false,false,false,false,false,false,0x0001
297.000,0.000000,0.000000,0.000000,0.000000,false,false,false,false,false,false,false,false,false,0x0001
298.000,0.000000,0.000000,0.000000,0.000000,false,false,false,false,false,false,false,false,false,0x0001
299.000,0.000000,0.000000,0.000000,0.000000,false,false,false,false,false,false,false,false,false,0x0001
300.000,0.000000,0.000000,0.000000,0.000000,false,false,false,false,false,false,false,false,false,0x0001
301.000,0.000000,0.000000,0.000000,0.000000,false,false,false,false,false,false,false,false,false,0x0001
302.000,0.000000,0.000000,0.000000,0.000000,false,false,false,false,false,false,false,false,false,0x0001
303.000,0.000000,0.000000,0.000000,0.000000,false,false,false,false,false,false,false,false,false,0x0001
304.000,0.000000,0.000000,0.000000,0.000000,false,false,false,false,false,false,false,false,false,0x0001
305.000,0.000000,0.000000,0.000000,0.000000,false,false,false,false,false,false,false,false,false,0x0001
306.000,0.000000,0.000000,0.000000,0.000000,false,false,false,false,false,false,false,false,false,0x0001
307.000,0.000000,0.000000,0.000000,0.000000,false,false,false,false,false,false,false,false,false,0x0001
308.000,0.000000,0.000000,0.000000,0.000000,false,false,false,false,false,false,false,false,false,0x0001
309.000,0.000000,0.000000,0.000000,0.000000,false,false,false,false,false,false,false,false,false,0x0001
310.000,0.000000,0.000000,0.000000,0.000000,false,false,false,false,false,false,false,false,false,0x0001
311.000,0.000000,0.000000,0.000000,0.000000,false,false,false,false,false,false,false,false,false,0x0001
312.000,0.000000,0.000000,0.000000,0.000000,false,false,false,false,false,false,false,false,false,0x0001
313.000,0.000000,0.000000,0.000000,0.000000,false,false,false,false,false,false,false,false,false,0x0001
314.000,0.000000,0.000000,0.000000,0.000000,false,false,false,false,false,false,false,false,false,0x0001
315.000,0.000000,0.000000,0.000000,0.000000,false,false,false,false,false,false,false,false,false,0x0001
316.000,0.000000,0.000000,0.000000,0.000000,false,false,false,false,false,false,false,false,false,0x0001
317.000,0.000000,0.000000,0.000000,0.000000,false,false,false,false,false,false,false,false,false,0x0001
318.000,0.000000,0.000000,0.000000,0.000000,false,false,false,false,false,false,false,false,false,0x0001
319.000,0.000000,0.000000,0.000000,0.000000,false,false,false,false,false,false,false,false,false,0x0001
320.000,0.000000,0.000000,0.000000,0.000000,false,false,false,false,false,false,false,false,false,0x0001
321.000,0.000000,0.000000,0.000000,0.000000,false,false,false,false,false,false,false,false,false,0x0001
322.000,0.000000,0.000000,0.000000,0.000000,false,false,false,false,false,false,false,false,false,0x0001
323.000,0.000000,0.000000,0.000000,0.000000,false,false,false,false,false,false,false,false,false,0x0001
324.000,0.000000,0.000000,0.000000,0.000000,false,false,false,false,false,false,false,false,false,0x0001
325.000,0.000000,0.000000,0.000000,0.000000,false,false,false,false,false,false,false,false,false,0x0001
326.000,0.000000,0.000000,0.000000,0.000000,false,false,false,false,false,false,false,false,false,0x0001
327.000,0.000000,0.000000,0.000000,0.000000,false,false,false,false,false,false,false,false,false,0x0001
328.000,0.000000,0.000000,0.000000,0.000000,false,false,false,false,false,false,false,false,false,0x0001
329.000,0.000000,0.000000,0.000000,0.000000,false,false,false,false,false,false,false,false,false,0x0001
330.000,0.000000,0.000000,0.000000,0.000000,false,false,false,false,false,false,false,false,false,0x0001
331.000,0.000000,0.000000,0.000000,0.000000,false,false,false,false,false,false,false,false,false,0x0001
332.000,0.000000,0.000000,0.000000,0.000000,false,false,false,false,false,false,false,false,false,0x0001
333.000,0.000000,0.000000,0.000000,0.000000,false,false,false,false,false,false,false,false,false,0x0001
334.000,0.000000,0.000000,0.000000,0.000000,false,false,false,false,false,false,false,false,false,0x0001
335.000,0.000000,0.000000,0.000000,0.000000,false,false,false,false,false,false,false,false,false,0x0001
336.000,0.000000,0.000000,0.000000,0.000000,false,false,false,false,false,false,false,false,false,0x0001
337.000,0.000000,0.000000,0.000000,0.000000,false,false,false,false,false,false,false,false,false,0x0001
338.000,0.000000,0.000000,0.000000,0.000000,false,false,false,false,false,false,false,false,false,0x0001
339.000,0.000000,0.000000,0.000000,0.000000,false,false,false,false,false,false,false,false,false,0x0001
340.000,0.000000,0.000000,0.000000,0.000000,false,false,false,false,false,false,false,false,false,0x0001
341.000,0.000000,0.000000,0.000000,0.000000,false,false,false,false,false,false,false,false,false,0x0001
342.000,0.000000,0.000000,0.000000,0.000000,false,false,false,false,false,false,false,false,false,0x0001
343.000,0.000000,0.000000,0.000000,0.000000,false,false,false,false,false,false,false,false,false,0x0001
344.000,0.000000,0.000000,0.000000,0.000000,false,false,false,false,false,false,false,false,false,0x0001
345.000,0.000000,0.000000,0.000000,0.000000,false,false,false,false,false,false,false,false,false,0x0001
346.000,0.000000,0.000000,0.000000,0.000000,false,false,false,false,false,false,false,false,false,0x0001
347.000,0.000000,0.000000,0.000000,0.000000,false,false,false,false,false,false,false,false,false,0x0001
348.000,0.000000,0.000000,0.000000,0.000000,false,false,false,false,false,false,false,false,false,0x0001
349.000,0.000000,0.000000,0.000000,0.000000,false,false,false,false,false,false,false,false,false,0x0001
350.000,0.000000,0.000000,0.000000,0.000000,false,false,false,false,false,false,false,false,false,0x0001
351.000,0.000000,0.000000,0.000000,0.000000,false,false,false,false,false,false,false,false,false,0x0001
352.000,0.000000,0.000000,0.000000,0.000000,false,false,false,false,false,false,false,false,false,0x0001
353.000,0.000000,0.000000,0.000000,0.000000,false,false,false,false,false,false,false,false,false,0x0001
354.000,0.000000,0.000000,0.000000,0.000000,false,false,false,false,false,false,false,false,false,0x0001
355.000,0.000000,0.000000,0.000000,0.000000,false,false,false,false,false,false,false,false,false,0x0001
356.000,0.000000,0.000000,0.000000,0.000000,false,false,false,false,false,false,false,false,false,0x0001
357.000,0.000000,0.000000,0.000000,0.000000,false,false,false,false,false,false,false,false,false,0x0001
358.000,0.000000,0.000000,0.000000,0.000000,false,false,false,false,false,false,false,false,false,0x0001
359.000,0.000000,0.000000,0.000000,0.000000,false,false,false,false,false,false,false,false,false,0x0001
360.000,0.000000,0.000000,0.000000,0.000000,false,false,false,false,false,false,false,false,false,0x0001
361.000,0.000000,0.000000,0.000000,0.000000,false,false,false,false,false,false,false,false,false,0x0001
362.000,0.000000,0.000000,0.000000,0.000000,false,false,false,false,false,false,false,false,false,0x0001
363.000,0.000000,0.000000,0.000000,0.000000,false,false,false,false,false,false,false,false,false,0x0001
364.000,0.000000,0.000000,0.000000,0.000000,false,false,false,false,false,false,false,false,false,0x0001
365.000,0.000000,0.000000,0.000000,0.000000,false,false,false,false,false,false,false,false,false,0x0001
366.000,0.000000,0.000000,0.000000,0.000000,false,false,false,false,false,false,false,false,false,0x0001
367.000,0.000000,0.000000,0.000000,0.000000,false,false,false,false,false,false,false,false,false,0x0001
368.000,0.000000,0.000000,0.000000,0.000000,false,false,false,false,false,false,false,false,false,0x0001
369.000,0.000000,0.000000,0.000000,0.000000,false,false,false,false,false,false,false,false,false,0x0001
370.000,0.000000,0.000000,0.000000,0.000000,false,false,false,false,false,false,false,false,false,0x0001
371.000,0.000000,0.000000,0.000000,0.000000,false,false,false,false,false,false,false,false,false,0x0001
372.000,0.000000,0.000000,0.000000,0.000000,false,false,false,false,false,false,false,false,false,0x0001
373.000,0.000000,0.000000,0.000000,0.000000,false,false,false,false,false,false,false,false,false,0x0001
374.000,0.000000,0.000000,0.000000,0.000000,false,false,false,false,false,false,false,false,false,0x0001
375.000,0.000000,0.000000,0.000000,0.000000,false,false,false,false,false,false,false,false,false,0x0001
376.000,0.000000,0.000000,0.000000,0.000000,false,false,false,false,false,false,false,false,false,0x0001
377.000,0.000000,0.000000,0.000000,0.000000,false,false,false,false,false,false,false,false,false,0x0001
378.000,0.000000,0.000000,0.000000,0.000000,false,false,false,false,false,false,false,false,false,0x0001
379.000,0.000000,0.000000,0.000000,0.000000,false,false,false,false,false,false,false,false,false,0x0001
380.000,0.000000,0.000000,0.000000,0.000000,false,false,false,false,false,false,false,false,false,0x0001
381.000,0.000000,0.000000,0.000000,0.000000,false,false,false,false,false,false,false,false,false,0x0001
382.000,0.000000,0.000000,0.000000,0.000000,false,false,false,false,false,false,false,false,false,0x0001
383.000,0.000000,0.000000,0.000000,0.000000,false,false,false,false,false,false,false,false,false,0x0001
384.000,0.000000,0.000000,0.000000,0.000000,false,false,false,false,false,false,false,false,false,0x0001
385.000,0.000000,0.000000,0.000000,0.000000,false,false,false,false,false,false,false,false,false,0x0001
386.000,0.000000,0.000000,0.000000,0.000000,false,false,false,false,false,false,false,false,false,0x0001
387.000,0.000000,0.000000,0.000000,0.000000,false,false,false,false,false,false,false,false,false,0x0001
388.000,0.000000,0.000000,0.000000,0.000000,false,false,false,false,false,false,false,false,false,0x0001
389.000,0.000000,0.000000,0.000000,0.000000,false,false,false,false,false,false,false,false,false,0x0001
390.000,0.000000,0.000000,0.000000,0.000000,false,false,false,false,false,false,false,false,false,0x0001
391.000,0.000000,0.000000,0.000000,0.000000,false,false,false,false,false,false,false,false,false,0x0001
392.000,0.000000,0.000000,0.000000,0.000000,false,false,false,false,false,false,false,false,false,0x0001
393.000,0.000000,0.000000,0.000000,0.000000,false,false,false,false,false,false,false,false,false,0x0001
394.000,0.000000,0.000000,0.000000,0.000000,false,false,false,false,false,false,false,false,false,0x0001
395.000,0.000000,0.000000,0.000000,0.000000,false,false,false,false,false,false,false,false,false,0x0001
396.000,0.000000,0.000000,0.000000,0.000000,false,false,false,false,false,false,false,false,false,0x0001
397.000,0.000000,0.000000,0.000000,0.000000,false,false,false,false,false,false,false,false,false,0x0001
398.000,0.000000,0.000000,0.000000,0.000000,false,false,false,false,false,false,false,false,false,0x0001
399.000,0.000000,0.000000,0.000000,0.000000,false,false,false,false,false,false,false,false,false,0x0001
400.000,0.000000,0.000000,0.000000,0.000000,false,false,false,false,false,false,false,false,false,0x0001
401.000,0.000000,0.000000,0.000000,0.000000,false,false,false,false,false,false,false,false,false,0x0001
402.000,0.000000,0.000000,0.000000,0.000000,false,false,false,false,false,false,false,false,false,0x0001
403.000,0.000000,0.000000,0.000000,0.000000,false,false,false,false,false,false,false,false,false,0x0001
404.000,0.000000,0.000000,0.000000,0.000000,false,false,false,false,false,false,false,false,false,0x0001
405.000,0.000000,0.000000,0.000000,0.000000,false,false,false,false,false,false,false,false,false,0x0001
406.000,0.000000,0.000000,0.000000,0.000000,false,false,false,false,false,false,false,false,false,0x0001
407.000,0.000000,0.000000,0.000000,0.000000,false,false,false,false,false,false,false,false,false,0x0001
408.000,0.000000,0.000000,0.000000,0.000000,false,false,false,false,false,false,false,false,false,0x0001
409.000,0.000000,0.000000,0.000000,0.000000,false,false,false,false,false,false,false,false,false,0x0001
410.000,0.000000,0.000000,0.000000,0.000000,false,false,false,false,false,false,false,false,false,0x0001
411.000,0.000000,0.000000,0.000000,0.000000,false,false,false,false,false,false,false,false,false,0x0001
412.000,0.000000,0.000000,0.000000,0.000000,false,false,false,false,false,false,false,false,false,0x0001
413.000,0.000000,0.000000,0.000000,0.000000,false,false,false,false,false,false,false,false,false,0x0001
414.000,0.000000,0.000000,0.000000,0.000000,false,false,false,false,false,false,false,false,false,0x0001
415.000,0.000000,0.000000,0.000000,0.000000,false,false,false,false,false,false,false,false,false,0x0001
416.000,0.000000,0.000000,0.000000,0.000000,false,false,false,false,false,false,false,false,false,0x0001
417.000,0.000000,0.000000,0.000000,0.000000,false,false,false,false,false,false,false,false,false,0x0001
418.000,0.000000,0.000000,0.000000,0.000000,false,false,false,false,false,false,false,false,false,0x0001
419.000,0.000000,0.000000,0.000000,0.000000,false,false,false,false,false,false,false,false,false,0x0001
420.000,0.000000,0.000000,0.000000,0.000000,false,false,false,false,false,false,false,false,false,0x0001
421.000,0.000000,0.000000,0.000000,0.000000,false,false,false,false,false,false,false,false,false,0x0001
422.000,0.000000,0.000000,0.000000,0.000000,false,false,false,false,false,false,false,false,false,0x0001
423.000,0.000000,0.000000,0.000000,0.000000,false,false,false,false,false,false,false,false,false,0x0001
424.000,0.000000,0.000000,0.000000,0.000000,false,false,false,false,false,false,false,false,false,0x0001
425.000,0.000000,0.000000,0.000000,0.000000,false,false,false,false,false,false,false,false,false,0x0001
426.000,0.000000,0.000000,0.000000,0.000000,false,false,false,false,false,false,false,false,false,0x0001
427.000,0.000000,0.000000,0.000000,0.000000,false,false,false,false,false,false,false,false,false,0x0001
428.000,0.000000,0.000000,0.000000,0.000000,false,false,false,false,false,false,false,false,false,0x0001
429.000,0.000000,0.000000,0.000000,0.000000,false,false,false,false,false,false,false,false,false,0x0001
430.000,0.000000,0.000000,0.000000,0.000000,false,false,false,false,false,false,false,false,false,0x0001
431.000,0.000000,0.000000,0.000000,0.000000,false,false,false,false,false,false,false,false,false,0x0001
432.000,0.000000,0.000000,0.000000,0.000000,false,false,false,false,false,false,false,false,false,0x0001
433.000,0.000000,0.000000,0.000000,0.000000,false,false,false,false,false,false,false,false,false,0x0001
434.000,0.000000,0.000000,0.000000,0.000000,false,false,false,false,false,false,false,false,false,0x0001
435.000,0.000000,0.000000,0.000000,0.000000,false,false,false,false,false,false,false,false,false,0x0001
436.000,0.000000,0.000000,0.000000,0.000000,false,false,false,false,false,false,false,false,false,0x0001
437.000,0.000000,0.000000,0.000000,0.000000,false,false,false,false,false,false,false,false,false,0x0001
438.000,0.000000,0.000000,0.000000,0.000000,false,false,false,false,false,false,false,false,false,0x0001
439.000,0.000000,0.000000,0.000000,0.000000,false,false,false,false,false,false,false,false,false,0x0001
440.000,0.000000,0.000000,0.000000,0.000000,false,false,false,false,false,false,false,false,false,0x0001
441.000,0.000000,0.000000,0.000000,0.000000,false,false,false,false,false,false,false,false,false,0x0001
442.000,0.000000,0.000000,0.000000,0.000000,false,false,false,false,false,false,false,false,false,0x0001
443.000,0.000000,0.000000,0.000000,0.000000,false,false,false,false,false,false,false,false,false,0x0001
444.000,0.000000,0.000000,0.000000,0.000000,false,false,false,false,false,false,false,false,false,0x0001
445.000,0.000000,0.000000,0.000000,0.000000,false,false,false,false,false,false,false,false,false,0x0001
446.000,0.000000,0.000000,0.000000,0.000000,false,false,false,false,false,false,false,false,false,0x0001
447.000,0.000000,0.000000,0.000000,0.000000,false,false,false,false,false,false,false,false,false,0x0001
448.000,0.000000,0.000000,0.000000,0.000000,false,false,false,false,false,false,false,false,false,0x0001
449.000,0.000000,0.000000,0.000000,0.000000,false,false,false,false,false,false,false,false,false,0x0001
450.000,0.000000,0.000000,0.000000,0.000000,false,false,false,false,false,false,false,false,false,0x0001
451.000,0.000000,0.000000,0.000000,0.000000,false,false,false,false,false,false,false,false,false,0x0001
452.000,0.000000,0.000000,0.000000,0.000000,false,false,false,false,false,false,false,false,false,0x0001
453.000,0.000000,0.000000,0.000000,0.000000,false,false,false,false,false,false,false,false,false,0x0001
454.000,0.000000,0.000000,0.000000,0.000000,false,false,false,false,false,false,false,false,false,0x0001
455.000,0.000000,0.000000,0.000000,0.000000,false,false,false,false,false,false,false,false,false,0x0001
456.000,0.000000,0.000000,0.000000,0.000000,false,false,false,false,false,false,false,false,false,0x0001
457.000,0.000000,0.000000,0.000000,0.000000,false,false,false,false,false,false,false,false,false,0x0001
458.000,0.000000,0.000000,0.000000,0.000000,false,false,false,false,false,false,false,false,false,0x0001
459.000,0.000000,0.000000,0.000000,0.000000,false,false,false,false,false,false,false,false,false,0x0001
460.000,0.000000,0.000000,0.000000,0.000000,false,false,false,false,false,false,false,false,false,0x0001
461.000,0.000000,0.000000,0.000000,0.000000,false,false,false,false,false,false,false,false,false,0x0001
462.000,0.000000,0.000000,0.000000,0.000000,false,false,false,false,false,false,false,false,false,0x0001
463.000,0.000000,0.000000,0.000000,0.000000,false,false,false,false,false,false,false,false,false,0x0001
464.000,0.000000,0.000000,0.000000,0.000000,false,false,false,false,false,false,false,false,false,0x0001
465.000,0.000000,0.000000,0.000000,0.000000,false,false,false,false,false,false,false,false,false,0x0001
466.000,0.000000,0.000000,0.000000,0.000000,false,false,false,false,false,false,false,false,false,0x0001
467.000,0.000000,0.000000,0.000000,0.000000,false,false,false,false,false,false,false,false,false,0x0001
468.000,0.000000,0.000000,0.000000,0.000000,false,false,false,false,false,false,false,false,false,0x0001
469.000,0.000000,0.000000,0.000000,0.000000,false,false,false,false,false,false,false,false,false,0x0001
470.000,0.000000,0.000000,0.000000,0.000000,false,false,false,false,false,false,false,false,false,0x0001
471.000,0.000000,0.000000,0.000000,0.000000,false,false,false,false,false,false,false,false,false,0x0001
472.000,0.000000,0.000000,0.000000,0.000000,false,false,false,false,false,false,false,false,false,0x0001
473.000,0.000000,0.000000,0.000000,0.000000,false,false,false,false,false,false,false,false,false,0x0001
474.000,0.000000,0.000000,0.000000,0.000000,false,false,false,false,false,false,false,false,false,0x0001
475.000,0.000000,0.000000,0.000000,0.000000,false,false,false,false,false,false,false,false,false,0x0001
476.000,0.000000,0.000000,0.000000,0.000000,false,false,false,false,false,false,false,false,false,0x0001
477.000,0.000000,0.000000,0.000000,0.000000,false,false,false,false,false,false,false,false,false,0x0001
478.000,0.000000,0.000000,0.000000,0.000000,false,false,false,false,false,false,false,false,false,0x0001
479.000,0.000000,0.000000,0.000000,0.000000,false,false,false,false,false,false,false,false,false,0x0001
480.000,0.000000,0.000000,0.000000,0.000000,false,false,false,false,false,false,false,false,false,0x0001
481.000,0.000000,0.000000,0.000000,0.000000,false,false,false,false,false,false,false,false,false,0x0001
482.000,0.000000,0.000000,0.000000,0.000000,false,false,false,false,false,false,false,false,false,0x0001
483.000,0.000000,0.000000,0.000000,0.000000,false,false,false,false,false,false,false,false,false,0x0001
484.000,0.000000,0.000000,0.000000,0.000000,false,false,false,false,false,false,false,false,false,0x0001
485.000,0.000000,0.000000,0.000000,0.000000,false,false,false,false,false,false,false,false,false,0x0001
486.000,0.000000,0.000000,0.000000,0.000000,false,false,false,false,false,false,false,false,false,0x0001
487.000,0.000000,0.000000,0.000000,0.000000,false,false,false,false,false,false,false,false,false,0x0001
488.000,0.000000,0.000000,0.000000,0.000000,false,false,false,false,false,false,false,false,false,0x0001
489.000,0.000000,0.000000,0.000000,0.000000,false,false,false,false,false,false,false,false,false,0x0001
490.000,0.000000,0.000000,0.000000,0.000000,false,false,false,false,false,false,false,false,false,0x0001
491.000,0.000000,0.000000,0.000000,0.000000,false,false,false,false,false,false,false,false,false,0x0001
492.000,0.000000,0.000000,0.000000,0.000000,false,false,false,false,false,false,false,false,false,0x0001
493.000,0.000000,0.000000,0.000000,0.000000,false,false,false,false,false,false,false,false,false,0x0001
494.000,0.000000,0.000000,0.000000,0.000000,false,false,false,false,false,false,false,false,false,0x0001
495.000,0.000000,0.000000,0.000000,0.000000,false,false,false,false,false,false,false,false,false,0x0001
496.000,0.000000,0.000000,0.000000,0.000000,false,false,false,false,false,false,false,false,false,0x0001
497.000,0.000000,0.000000,0.000000,0.000000,false,false,false,false,false,false,false,false,false,0x0001
498.000,0.000000,0.000000,0.000000,0.000000,false,false,false,false,false,false,false,false,false,0x0001
499.000,0.000000,0.000000,0.000000,0.000000,false,false,false,false,false,false,false,false,false,0x0001
500.000,0.000000,0.000000,0.000000,0.000000,false,false,false,false,false,false,false,false,false,0x0001
501.000,0.000000,0.000000,0.000000,0.000000,false,false,false,false,false,false,false,false,false,0x0001
502.000,0.000000,0.000000,0.000000,0.000000,false,false,false,false,false,false,false,false,false,0x0001
503.000,0.000000,0.000000,0.000000,0.000000,false,false,false,false,false,false,false,false,false,0x0001
504.000,0.000000,0.000000,0.000000,0.000000,false,false,false,false,false,false,false,false,false,0x0001
505.000,0.000000,0.000000,0.000000,0.000000,false,false,false,false,false,false,false,false,false,0x0001
506.000,0.000000,0.000000,0.000000,0.000000,false,false,false,false,false,false,false,false,false,0x0001
507.000,0.000000,0.000000,0.000000,0.000000,false,false,false,false,false,false,false,false,false,0x0001
508.000,0.000000,0.000000,0.000000,0.000000,false,false,false,false,false,false,false,false,false,0x0001
509.000,0.000000,0.000000,0.000000,0.000000,false,false,false,false,false,false,false,false,false,0x0001
510.000,0.000000,0.000000,0.000000,0.000000,false,false,false,false,false,false,false,false,false,0x0001
511.000,0.000000,0.000000,0.000000,0.000000,false,false,false,false,false,false,false,false,false,0x0001
512.000,0.000000,0.000000,0.000000,0.000000,false,false,false,false,false,false,false,false,false,0x0001
513.000,0.000000,0.000000,0.000000,0.000000,false,false,false,false,false,false,false,false,false,0x0001
514.000,0.000000,0.000000,0.000000,0.000000,false,false,false,false,false,false,false,false,false,0x0001
515.000,0.000000,0.000000,0.000000,0.000000,false,false,false,false,false,false,false,false,false,0x0001
516.000,0.000000,0.000000,0.000000,0.000000,false,false,false,false,false,false,false,false,false,0x0001
517.000,0.000000,0.000000,0.000000,0.000000,false,false,false,false,false,false,false,false,false,0x0001
518.000,0.000000,0.000000,0.000000,0.000000,false,false,false,false,false,false,false,false,false,0x0001
519.000,0.000000,0.000000,0.000000,0.000000,false,false,false,false,false,false,false,false,false,0x0001
520.000,0.000000,0.000000,0.000000,0.000000,false,false,false,false,false,false,false,false,false,0x0001
521.000,0.000000,0.000000,0.000000,0.000000,false,false,false,false,false,false,false,false,false,0x0001
522.000,0.000000,0.000000,0.000000,0.000000,false,false,false,false,false,false,false,false,false,0x0001
523.000,0.000000,0.000000,0.000000,0.000000,false,false,false,false,false,false,false,false,false,0x0001
524.000,0.000000,0.000000,0.000000,0.000000,false,false,false,false,false,false,false,false,false,0x0001
525.000,0.000000,0.000000,0.000000,0.000000,false,false,false,false,false,false,false,false,false,0x0001
526.000,0.000000,0.000000,0.000000,0.000000,false,false,false,false,false,false,false,false,false,0x0001
527.000,0.000000,0.000000,0.000000,0.000000,false,false,false,false,false,false,false,false,false,0x0001
528.000,0.000000,0.000000,0.000000,0.000000,false,false,false,false,false,false,false,false,false,0x0001
529.000,0.000000,0.000000,0.000000,0.000000,false,false,false,false,false,false,false,false,false,0x0001
530.000,0.000000,0.000000,0.000000,0.000000,false,false,false,false,false,false,false,false,false,0x0001
531.000,0.000000,0.000000,0.000000,0.000000,false,false,false,false,false,false,false,false,false,0x0001
532.000,0.000000,0.000000,0.000000,0.000000,false,false,false,false,false,false,false,false,false,0x0001
533.000,0.000000,0.000000,0.000000,0.000000,false,false,false,false,false,false,false,false,false,0x0001
534.000,0.000000,0.000000,0.000000,0.000000,false,false,false,false,false,false,false,false,false,0x0001
535.000,0.000000,0.000000,0.000000,0.000000,false,false,false,false,false,false,false,false,false,0x0001
536.000,0.000000,0.000000,0.000000,0.000000,false,false,false,false,false,false,false,false,false,0x0001
537.000,0.000000,0.000000,0.000000,0.000000,false,false,false,false,false,false,false,false,false,0x0001
538.000,0.000000,0.000000,0.000000,0.000000,false,false,false,false,false,false,false,false,false,0x0001
539.000,0.000000,0.000000,0.000000,0.000000,false,false,false,false,false,false,false,false,false,0x0001
540.000,0.000000,0.000000,0.000000,0.000000,false,false,false,false,false,false,false,false,false,0x0001
541.000,0.000000,0.000000,0.000000,0.000000,false,false,false,false,false,false,false,false,false,0x0001
542.000,0.000000,0.000000,0.000000,0.000000,false,false,false,false,false,false,false,false,false,0x0001
543.000,0.000000,0.000000,0.000000,0.000000,false,false,false,false,false,false,false,false,false,0x0001
544.000,0.000000,0.000000,0.000000,0.000000,false,false,false,false,false,false,false,false,false,0x0001
545.000,0.000000,0.000000,0.000000,0.000000,false,false,false,false,false,false,false,false,false,0x0001
546.000,0.000000,0.000000,0.000000,0.000000,false,false,false,false,false,false,false,false,false,0x0001
547.000,0.000000,0.000000,0.000000,0.000000,false,false,false,false,false,false,false,false,false,0x0001
548.000,0.000000,0.000000,0.000000,0.000000,false,false,false,false,false,false,false,false,false,0x0001
549.000,0.000000,0.000000,0.000000,0.000000,false,false,false,false,false,false,false,false,false,0x0001
550.000,0.000000,0.000000,0.000000,0.000000,false,false,false,false,false,false,false,false,false,0x0001
551.000,0.000000,0.000000,0.000000,0.000000,false,false,false,false,false,false,false,false,false,0x0001
552.000,0.000000,0.000000,0.000000,0.000000,false,false,false,false,false,false,false,false,false,0x0001
553.000,0.000000,0.000000,0.000000,0.000000,false,false,false,false,false,false,false,false,false,0x0001
554.000,0.000000,0.000000,0.000000,0.000000,false,false,false,false,false,false,false,false,false,0x0001
555.000,0.000000,0.000000,0.000000,0.000000,false,false,false,false,false,false,false,false,false,0x0001
556.000,0.000000,0.000000,0.000000,0.000000,false,false,false,false,false,false,false,false,false,0x0001
557.000,0.000000,0.000000,0.000000,0.000000,false,false,false,false,false,false,false,false,false,0x0001
558.000,0.000000,0.000000,0.000000,0.000000,false,false,false,false,false,false,false,false,false,0x0001
559.000,0.000000,0.000000,0.000000,0.000000,false,false,false,false,false,false,false,false,false,0x0001
560.000,0.000000,0.000000,0.000000,0.000000,false,false,false,false,false,false,false,false,false,0x0001
561.000,0.000000,0.000000,0.000000,0.000000,false,false,false,false,false,false,false,false,false,0x0001
562.000,0.000000,0.000000,0.000000,0.000000,false,false,false,false,false,false,false,false,false,0x0001
563.000,0.000000,0.000000,0.000000,0.000000,false,false,false,false,false,false,false,false,false,0x0001
564.000,0.000000,0.000000,0.000000,0.000000,false,false,false,false,false,false,false,false,false,0x0001
565.000,0.000000,0.000000,0.000000,0.000000,false,false,false,false,false,false,false,false,false,0x0001
566.000,0.000000,0.000000,0.000000,0.000000,false,false,false,false,false,false,false,false,false,0x0001
567.000,0.000000,0.000000,0.000000,0.000000,false,false,false,false,false,false,false,false,false,0x0001
568.000,0.000000,0.000000,0.000000,0.000000,false,false,false,false,false,false,false,false,false,0x0001
569.000,0.000000,0.000000,0.000000,0.000000,false,false,false,false,false,false,false,false,false,0x0001
570.000,0.000000,0.000000,0.000000,0.000000,false,false,false,false,false,false,false,false,false,0x0001
571.000,0.000000,0.000000,0.000000,0.000000,false,false,false,false,false,false,false,false,false,0x0001
572.000,0.000000,0.000000,0.000000,0.000000,false,false,false,false,false,false,false,false,false,0x0001
573.000,0.000000,0.000000,0.000000,0.000000,false,false,false,false,false,false,false,false,false,0x0001
574.000,0.000000,0.000000,0.000000,0.000000,false,false,false,false,false,false,false,false,false,0x0001
575.000,0.000000,0.000000,0.000000,0.000000,false,false,false,false,false,false,false,false,false,0x0001
576.000,0.000000,0.000000,0.000000,0.000000,false,false,false,false,false,false,false,false,false,0x0001
577.000,0.000000,0.000000,0.000000,0.000000,false,false,false,false,false,false,false,false,false,0x0001
578.000,0.000000,0.000000,0.000000,0.000000,false,false,false,false,false,false,false,false,false,0x0001
579.000,0.000000,0.000000,0.000000,0.000000,false,false,false,false,false,false,false,false,false,0x0001
580.000,0.000000,0.000000,0.000000,0.000000,false,false,false,false,false,false,false,false,false,0x0001
581.000,0.000000,0.000000,0.000000,0.000000,false,false,false,false,false,false,false,false,false,0x0001
582.000,0.000000,0.000000,0.000000,0.000000,false,false,false,false,false,false,false,false,false,0x0001
583.000,0.000000,0.000000,0.000000,0.000000,false,false,false,false,false,false,false,false,false,0x0001
584.000,0.000000,0.000000,0.000000,0.000000,false,false,false,false,false,false,false,false,false,0x0001
585.000,0.000000,0.000000,0.000000,0.000000,false,false,false,false,false,false,false,false,false,0x0001
586.000,0.000000,0.000000,0.000000,0.000000,false,false,false,false,false,false,false,false,false,0x0001
587.000,0.000000,0.000000,0.000000,0.000000,false,false,false,false,false,false,false,false,false,0x0001
588.000,0.000000,0.000000,0.000000,0.000000,false,false,false,false,false,false,false,false,false,0x0001
589.000,0.000000,0.000000,0.000000,0.000000,false,false,false,false,false,false,false,false,false,0x0001
590.000,0.000000,0.000000,0.000000,0.000000,false,false,false,false,false,false,false,false,false,0x0001
591.000,0.000000,0.000000,0.000000,0.000000,false,false,false,false,false,false,false,false,false,0x0001
592.000,0.000000,0.000000,0.000000,0.000000,false,false,false,false,false,false,false,false,false,0x0001
593.000,0.000000,0.000000,0.000000,0.000000,false,false,false,false,false,false,false,false,false,0x0001
594.000,0.000000,0.000000,0.000000,0.000000,false,false,false,false,false,false,false,false,false,0x0001
595.000,0.000000,0.000000,0.000000,0.000000,false,false,false,false,false,false,false,false,false,0x0001
596.000,0.000000,0.000000,0.000000,0.000000,false,false,false,false,false,false,false,false,false,0x0001
597.000,0.000000,0.000000,0.000000,0.000000,false,false,false,false,false,false,false,false,false,0x0001
598.000,0.000000,0.000000,0.000000,0.000000,false,false,false,false,false,false,false,false,false,0x0001
599.000,0.000000,0.000000,0.000000,0.000000,false,false,false,false,false,false,false,false,false,0x0001
600.000,0.000000,0.000000,0.000000,0.000000,false,false,false,false,false,false,false,false,false,0x0001
601.000,0.000000,0.000000,0.000000,0.000000,false,false,false,false,false,false,false,false,false,0x0001
602.000,0.000000,0.000000,0.000000,0.000000,false,false,false,false,false,false,false,false,false,0x0001
603.000,0.000000,0.000000,0.000000,0.000000,false,false,false,false,false,false,false,false,false,0x0001
604.000,0.000000,0.000000,0.000000,0.000000,false,false,false,false,false,false,false,false,false,0x0001
605.000,0.000000,0.000000,0.000000,0.000000,false,false,false,false,false,false,false,false,false,0x0001
606.000,0.000000,0.000000,0.000000,0.000000,false,false,false,false,false,false,false,false,false,0x0001
607.000,0.000000,0.000000,0.000000,0.000000,false,false,false,false,false,false,false,false,false,0x0001
608.000,0.000000,0.000000,0.000000,0.000000,false,false,false,false,false,false,false,false,false,0x0001
609.000,0.000000,0.000000,0.000000,0.000000,false,false,false,false,false,false,false,false,false,0x0001
610.000,0.000000,0.000000,0.000000,0.000000,false,false,false,false,false,false,false,false,false,0x0001
611.000,0.000000,0.000000,0.000000,0.000000,false,false,false,false,false,false,false,false,false,0x0001
612.000,0.000000,0.000000,0.000000,0.000000,false,false,false,false,false,false,false,false,false,0x0001
613.000,0.000000,0.000000,0.000000,0.000000,false,false,false,false,false,false,false,false,false,0x0001
614.000,0.000000,0.000000,0.000000,0.000000,false,false,false,false,false,false,false,false,false,0x0001
615.000,0.000000,0.000000,0.000000,0.000000,false,false,false,false,false,false,false,false,false,0x0001
616.000,0.000000,0.000000,0.000000,0.000000,false,false,false,false,false,false,false,false,false,0x0001
617.000,0.000000,0.000000,0.000000,0.000000,false,false,false,false,false,false,false,false,false,0x0001
618.000,0.000000,0.000000,0.000000,0.000000,false,false,false,false,false,false,false,false,false,0x0001
619.000,0.000000,0.000000,0.000000,0.000000,false,false,false,false,false,false,false,false,false,0x0001
620.000,0.000000,0.000000,0.000000,0.000000,false,false,false,false,false,false,false,false,false,0x0001
621.000,0.000000,0.000000,0.000000,0.000000,false,false,false,false,false,false,false,false,false,0x0001
622.000,0.000000,0.000000,0.000000,0.000000,false,false,false,false,false,false,false,false,false,0x0001
623.000,0.000000,0.000000,0.000000,0.000000,false,false,false,false,false,false,false,false,false,0x0001
624.000,0.000000,0.000000,0.000000,0.000000,false,false,false,false,false,false,false,false,false,0x0001
625.000,0.000000,0.000000,0.000000,0.000000,false,false,false,false,false,false,false,false,false,0x0001
626.000,0.000000,0.000000,0.000000,0.000000,false,false,false,false,false,false,false,false,false,0x0001
627.000,0.000000,0.000000,0.000000,0.000000,false,false,false,false,false,false,false,false,false,0x0001
628.000,0.000000,0.000000,0.000000,0.000000,false,false,false,false,false,false,false,false,false,0x0001
629.000,0.000000,0.000000,0.000000,0.000000,false,false,false,false,false,false,false,false,false,0x0001
630.000,0.000000,0.000000,0.000000,0.000000,false,false,false,false,false,false,false,false,false,0x0001
631.000,0.000000,0.000000,0.000000,0.000000,false,false,false,false,false,false,false,false,false,0x0001
632.000,0.000000,0.000000,0.000000,0.000000,false,false,false,false,false,false,false,false,false,0x0001
633.000,0.000000,0.000000,0.000000,0.000000,false,false,false,false,false,false,false,false,false,0x0001
634.000,0.000000,0.000000,0.000000,0.000000,false,false,false,false,false,false,false,false,false,0x0001
635.000,0.000000,0.000000,0.000000,0.000000,false,false,false,false,false,false,false,false,false,0x0001
636.000,0.000000,0.000000,0.000000,0.000000,false,false,false,false,false,false,false,false,false,0x0001
637.000,0.000000,0.000000,0.000000,0.000000,false,false,false,false,false,false,false,false,false,0x0001
638.000,0.000000,0.000000,0.000000,0.000000,false,false,false,false,false,false,false,false,false,0x0001
639.000,0.000000,0.000000,0.000000,0.000000,false,false,false,false,false,false,false,false,false,0x0001
640.000,0.000000,0.000000,0.000000,0.000000,false,false,false,false,false,false,false,false,false,0x0001
641.000,0.000000,0.000000,0.000000,0.000000,false,false,false,false,false,false,false,false,false,0x0001
642.000,0.000000,0.000000,0.000000,0.000000,false,false,false,false,false,false,false,false,false,0x0001
643.000,0.000000,0.000000,0.000000,0.000000,false,false,false,false,false,false,false,false,false,0x0001
644.000,0.000000,0.000000,0.000000,0.000000,false,false,false,false,false,false,false,false,false,0x0001
645.000,0.000000,0.000000,0.000000,0.000000,false,false,false,false,false,false,false,false,false,0x0001
646.000,0.000000,0.000000,0.000000,0.000000,false,false,false,false,false,false,false,false,false,0x0001
647.000,0.000000,0.000000,0.000000,0.000000,false,false,false,false,false,false,false,false,false,0x0001
648.000,0.000000,0.000000,0.000000,0.000000,false,false,false,false,false,false,false,false,false,0x0001
649.000,0.000000,0.000000,0.000000,0.000000,false,false,false,false,false,false,false,false,false,0x0001
650.000,0.000000,0.000000,0.000000,0.000000,false,false,false,false,false,false,false,false,false,0x0001
651.000,0.000000,0.000000,0.000000,0.000000,false,false,false,false,false,false,false,false,false,0x0001
652.000,0.000000,0.000000,0.000000,0.000000,false,false,false,false,false,false,false,false,false,0x0001
653.000,0.000000,0.000000,0.000000,0.000000,false,false,false,false,false,false,false,false,false,0x0001
654.000,0.000000,0.000000,0.000000,0.000000,false,false,false,false,false,false,false,false,false,0x0001
655.000,0.000000,0.000000,0.000000,0.000000,false,false,false,false,false,false,false,false,false,0x0001
656.000,0.000000,0.000000,0.000000,0.000000,false,false,false,false,false,false,false,false,false,0x0001
657.000,0.000000,0.000000,0.000000,0.000000,false,false,false,false,false,false,false,false,false,0x0001
658.000,0.000000,0.000000,0.000000,0.000000,false,false,false,false,false,false,false,false,false,0x0001
659.000,0.000000,0.000000,0.000000,0.000000,false,false,false,false,false,false,false,false,false,0x0001
660.000,0.000000,0.000000,0.000000,0.000000,false,false,false,false,false,false,false,false,false,0x0001
661.000,0.000000,0.000000,0.000000,0.000000,false,false,false,false,false,false,false,false,false,0x0001
662.000,0.000000,0.000000,0.000000,0.000000,false,false,false,false,false,false,false,false,false,0x0001
663.000,0.000000,0.000000,0.000000,0.000000,false,false,false,false,false,false,false,false,false,0x0001
664.000,0.000000,0.000000,0.000000,0.000000,false,false,false,false,false,false,false,false,false,0x0001
665.000,0.000000,0.000000,0.000000,0.000000,false,false,false,false,false,false,false,false,false,0x0001
666.000,0.000000,0.000000,0.000000,0.000000,false,false,false,false,false,false,false,false,false,0x0001
667.000,0.000000,0.000000,0.000000,0.000000,false,false,false,false,false,false,false,false,false,0x0001
668.000,0.000000,0.000000,0.000000,0.000000,false,false,false,false,false,false,false,false,false,0x0001
669.000,0.000000,0.000000,0.000000,0.000000,false,false,false,false,false,false,false,false,false,0x0001
670.000,0.000000,0.000000,0.000000,0.000000,false,false,false,false,false,false,false,false,false,0x0001
671.000,0.000000,0.000000,0.000000,0.000000,false,false,false,false,false,false,false,false,false,0x0001
672.000,0.000000,0.000000,0.000000,0.000000,false,false,false,false,false,false,false,false,false,0x0001
673.000,0.000000,0.000000,0.000000,0.000000,false,false,false,false,false,false,false,false,false,0x0001
674.000,0.000000,0.000000,0.000000,0.000000,false,false,false,false,false,false,false,false,false,0x0001
675.000,0.000000,0.000000,0.000000,0.000000,false,false,false,false,false,false,false,false,false,0x0001
676.000,0.000000,0.000000,0.000000,0.000000,false,false,false,false,false,false,false,false,false,0x0001
677.000,0.000000,0.000000,0.000000,0.000000,false,false,false,false,false,false,false,false,false,0x0001
678.000,0.000000,0.000000,0.000000,0.000000,false,false,false,false,false,false,false,false,false,0x0001
679.000,0.000000,0.000000,0.000000,0.000000,false,false,false,false,false,false,false,false,false,0x0001
680.000,0.000000,0.000000,0.000000,0.000000,false,false,false,false,false,false,false,false,false,0x0001
681.000,0.000000,0.000000,0.000000,0.000000,false,false,false,false,false,false,false,false,false,0x0001
682.000,0.000000,0.000000,0.000000,0.000000,false,false,false,false,false,false,false,false,false,0x0001
683.000,0.000000,0.000000,0.000000,0.000000,false,false,false,false,false,false,false,false,false,0x0001
684.000,0.000000,0.000000,0.000000,0.000000,false,false,false,false,false,false,false,false,false,0x0001
685.000,0.000000,0.000000,0.000000,0.000000,false,false,false,false,false,false,false,false,false,0x0001
686.000,0.000000,0.000000,0.000000,0.000000,false,false,false,false,false,false,false,false,false,0x0001
687.000,0.000000,0.000000,0.000000,0.000000,false,false,false,false,false,false,false,false,false,0x0001
688.000,0.000000,0.000000,0.000000,0.000000,false,false,false,false,false,false,false,false,false,0x0001
689.000,0.000000,0.000000,0.000000,0.000000,false,false,false,false,false,false,false,false,false,0x0001
690.000,0.000000,0.000000,0.000000,0.000000,false,false,false,false,false,false,false,false,false,0x0001
691.000,0.000000,0.000000,0.000000,0.000000,false,false,false,false,false,false,false,false,false,0x0001
692.000,0.000000,0.000000,0.000000,0.000000,false,false,false,false,false,false,false,false,false,0x0001
693.000,0.000000,0.000000,0.000000,0.000000,false,false,false,false,false,false,false,false,false,0x0001
694.000,0.000000,0.000000,0.000000,0.000000,false,false,false,false,false,false,false,false,false,0x0001
695.000,0.000000,0.000000,0.000000,0.000000,false,false,false,false,false,false,false,false,false,0x0001
696.000,0.000000,0.000000,0.000000,0.000000,false,false,false,false,false,false,false,false,false,0x0001
697.000,0.000000,0.000000,0.000000,0.000000,false,false,false,false,false,false,false,false,false,0x0001
698.000,0.000000,0.000000,0.000000,0.000000,false,false,false,false,false,false,false,false,false,0x0001
699.000,0.000000,0.000000,0.000000,0.000000,false,false,false,false,false,false,false,false,false,0x0001
700.000,0.000000,0.000000,0.000000,0.000000,false,false,false,false,false,false,false,false,false,0x0001
701.000,0.000000,0.000000,0.000000,0.000000,false,false,false,false,false,false,false,false,false,0x0001
702.000,0.000000,0.000000,0.000000,0.000000,false,false,false,false,false,false,false,false,false,0x0001
703.000,0.000000,0.000000,0.000000,0.000000,false,false,false,false,false,false,false,false,false,0x0001
704.000,0.000000,0.000000,0.000000,0.000000,false,false,false,false,false,false,false,false,false,0x0001
705.000,0.000000,0.000000,0.000000,0.000000,false,false,false,false,false,false,false,false,false,0x0001
706.000,0.000000,0.000000,0.000000,0.000000,false,false,false,false,false,false,false,false,false,0x0001
707.000,0.000000,0.000000,0.000000,0.000000,false,false,false,false,false,false,false,false,false,0x0001
708.000,0.000000,0.000000,0.000000,0.000000,false,false,false,false,false,false,false,false,false,0x0001
709.000,0.000000,0.000000,0.000000,0.000000,false,false,false,false,false,false,false,false,false,0x0001
710.000,0.000000,0.000000,0.000000,0.000000,false,false,false,false,false,false,false,false,false,0x0001
711.000,0.000000,0.000000,0.000000,0.000000,false,false,false,false,false,false,false,false,false,0x0001
712.000,0.000000,0.000000,0.000000,0.000000,false,false,false,false,false,false,false,false,false,0x0001
713.000,0.000000,0.000000,0.000000,0.000000,false,false,false,false,false,false,false,false,false,0x0001
714.000,0.000000,0.000000,0.000000,0.000000,false,false,false,false,false,false,false,false,false,0x0001
715.000,0.000000,0.000000,0.000000,0.000000,false,false,false,false,false,false,false,false,false,0x0001
716.000,0.000000,0.000000,0.000000,0.000000,false,false,false,false,false,false,false,false,false,0x0001
717.000,0.000000,0.000000,0.000000,0.000000,false,false,false,false,false,false,false,false,false,0x0001
718.000,0.000000,0.000000,0.000000,0.000000,false,false,false,false,false,false,false,false,false,0x0001
719.000,0.000000,0.000000,0.000000,0.000000,false,false,false,false,false,false,false,false,false,0x0001
720.000,0.000000,0.000000,0.000000,0.000000,false,false,false,false,false,false,false,false,false,0x0001
721.000,0.000000,0.000000,0.000000,0.000000,false,false,false,false,false,false,false,false,false,0x0001
722.000,0.000000,0.000000,0.000000,0.000000,false,false,false,false,false,false,false,false,false,0x0001
723.000,0.000000,0.000000,0.000000,0.000000,false,false,false,false,false,false,false,false,false,0x0001
724.000,0.000000,0.000000,0.000000,0.000000,false,false,false,false,false,false,false,false,false,0x0001
725.000,0.000000,0.000000,0.000000,0.000000,false,false,false,false,false,false,false,false,false,0x0001
726.000,0.000000,0.000000,0.000000,0.000000,false,false,false,false,false,false,false,false,false,0x0001
727.000,0.000000,0.000000,0.000000,0.000000,false,false,false,false,false,false,false,false,false,0x0001
728.000,0.000000,0.000000,0.000000,0.000000,false,false,false,false,false,false,false,false,false,0x0001
729.000,0.000000,0.000000,0.000000,0.000000,false,false,false,false,false,false,false,false,false,0x0001
730.000,0.000000,0.000000,0.000000,0.000000,false,false,false,false,false,false,false,false,false,0x0001
731.000,0.000000,0.000000,0.000000,0.000000,false,false,false,false,false,false,false,false,false,0x0001
732.000,0.000000,0.000000,0.000000,0.000000,false,false,false,false,false,false,false,false,false,0x0001
733.000,0.000000,0.000000,0.000000,0.000000,false,false,false,false,false,false,false,false,false,0x0001
734.000,0.000000,0.000000,0.000000,0.000000,false,false,false,false,false,false,false,false,false,0x0001
735.000,0.000000,0.000000,0.000000,0.000000,false,false,false,false,false,false,false,false,false,0x0001
736.000,0.000000,0.000000,0.000000,0.000000,false,false,false,false,false,false,false,false,false,0x0001
737.000,0.000000,0.000000,0.000000,0.000000,false,false,false,false,false,false,false,false,false,0x0001
738.000,0.000000,0.000000,0.000000,0.000000,false,false,false,false,false,false,false,false,false,0x0001
739.000,0.000000,0.000000,0.000000,0.000000,false,false,false,false,false,false,false,false,false,0x0001
740.000,0.000000,0.000000,0.000000,0.000000,false,false,false,false,false,false,false,false,false,0x0001
741.000,0.000000,0.000000,0.000000,0.000000,false,false,false,false,false,false,false,false,false,0x0001
742.000,0.000000,0.000000,0.000000,0.000000,false,false,false,false,false,false,false,false,false,0x0001
743.000,0.000000,0.000000,0.000000,0.000000,false,false,false,false,false,false,false,false,false,0x0001
744.000,0.000000,0.000000,0.000000,0.000000,false,false,false,false,false,false,false,false,false,0x0001
745.000,0.000000,0.000000,0.000000,0.000000,false,false,false,false,false,false,false,false,false,0x0001
746.000,0.000000,0.000000,0.000000,0.000000,false,false,false,false,false,false,false,false,false,0x0001
747.000,0.000000,0.000000,0.000000,0.000000,false,false,false,false,false,false,false,false,false,0x0001
748.000,0.000000,0.000000,0.000000,0.000000,false,false,false,false,false,false,false,false,false,0x0001
749.000,0.000000,0.000000,0.000000,0.000000,false,false,false,false,false,false,false,false,false,0x0001
750.000,0.000000,0.000000,0.000000,0.000000,false,false,false,false,false,false,false,false,false,0x0001
751.000,0.000000,0.000000,0.000000,0.000000,false,false,false,false,false,false,false,false,false,0x0001
752.000,0.000000,0.000000,0.000000,0.000000,false,false,false,false,false,false,false,false,false,0x0001
753.000,0.000000,0.000000,0.000000,0.000000,false,false,false,false,false,false,false,false,false,0x0001
754.000,0.000000,0.000000,0.000000,0.000000,false,false,false,false,false,false,false,false,false,0x0001
755.000,0.000000,0.000000,0.000000,0.000000,false,false,false,false,false,false,false,false,false,0x0001
756.000,0.000000,0.000000,0.000000,0.000000,false,false,false,false,false,false,false,false,false,0x0001
757.000,0.000000,0.000000,0.000000,0.000000,false,false,false,false,false,false,false,false,false,0x0001
758.000,0.000000,0.000000,0.000000,0.000000,false,false,false,false,false,false,false,false,false,0x0001
759.000,0.000000,0.000000,0.000000,0.000000,false,false,false,false,false,false,false,false,false,0x0001
760.000,0.000000,0.000000,0.000000,0.000000,false,false,false,false,false,false,false,false,false,0x0001
761.000,0.000000,0.000000,0.000000,0.000000,false,false,false,false,false,false,false,false,false,0x0001
762.000,0.000000,0.000000,0.000000,0.000000,false,false,false,false,false,false,false,false,false,0x0001
763.000,0.000000,0.000000,0.000000,0.000000,false,false,false,false,false,false,false,false,false,0x0001
764.000,0.000000,0.000000,0.000000,0.000000,false,false,false,false,false,false,false,false,false,0x0001
765.000,0.000000,0.000000,0.000000,0.000000,false,false,false,false,false,false,false,false,false,0x0001
766.000,0.000000,0.000000,0.000000,0.000000,false,false,false,false,false,false,false,false,false,0x0001
767.000,0.000000,0.000000,0.000000,0.000000,false,false,false,false,false,false,false,false,false,0x0001
768.000,0.000000,0.000000,0.000000,0.000000,false,false,false,false,false,false,false,false,false,0x0001
769.000,0.000000,0.000000,0.000000,0.000000,false,false,false,false,false,false,false,false,false,0x0001
770.000,0.000000,0.000000,0.000000,0.000000,false,false,false,false,false,false,false,false,false,0x0001
771.000,0.000000,0.000000,0.000000,0.000000,false,false,false,false,false,false,false,false,false,0x0001
772.000,0.000000,0.000000,0.000000,0.000000,false,false,false,false,false,false,false,false,false,0x0001
773.000,0.000000,0.000000,0.000000,0.000000,false,false,false,false,false,false,false,false,false,0x0001
774.000,0.000000,0.000000,0.000000,0.000000,false,false,false,false,false,false,false,false,false,0x0001
775.000,0.000000,0.000000,0.000000,0.000000,false,false,false,false,false,false,false,false,false,0x0001
776.000,0.000000,0.000000,0.000000,0.000000,false,false,false,false,false,false,false,false,false,0x0001
777.000,0.000000,0.000000,0.000000,0.000000,false,false,false,false,false,false,false,false,false,0x0001
778.000,0.000000,0.000000,0.000000,0.000000,false,false,false,false,false,false,false,false,false,0x0001
779.000,0.000000,0.000000,0.000000,0.000000,false,false,false,false,false,false,false,false,false,0x0001
780.000,0.000000,0.000000,0.000000,0.000000,false,false,false,false,false,false,false,false,false,0x0001
781.000,0.000000,0.000000,0.000000,0.000000,false,false,false,false,false,false,false,false,false,0x0001
782.000,0.000000,0.000000,0.000000,0.000000,false,false,false,false,false,false,false,false,false,0x0001
783.000,0.000000,0.000000,0.000000,0.000000,false,false,false,false,false,false,false,false,false,0x0001
784.000,0.000000,0.000000,0.000000,0.000000,false,false,false,false,false,false,false,false,false,0x0001
785.000,0.000000,0.000000,0.000000,0.000000,false,false,false,false,false,false,false,false,false,0x0001
786.000,0.000000,0.000000,0.000000,0.000000,false,false,false,false,false,false,false,false,false,0x0001
787.000,0.000000,0.000000,0.000000,0.000000,false,false,false,false,false,false,false,false,false,0x0001
788.000,0.000000,0.000000,0.000000,0.000000,false,false,false,false,false,false,false,false,false,0x0001
789.000,0.000000,0.000000,0.000000,0.000000,false,false,false,false,false,false,false,false,false,0x0001
790.000,0.000000,0.000000,0.000000,0.000000,false,false,false,false,false,false,false,false,false,0x0001
791.000,0.000000,0.000000,0.000000,0.000000,false,false,false,false,false,false,false,false,false,0x0001
792.000,0.000000,0.000000,0.000000,0.000000,false,false,false,false,false,false,false,false,false,0x0001
793.000,0.000000,0.000000,0.000000,0.000000,false,false,false,false,false,false,false,false,false,0x0001
794.000,0.000000,0.000000,0.000000,0.000000,false,false,false,false,false,false,false,false,false,0x0001
795.000,0.000000,0.000000,0.000000,0.000000,false,false,false,false,false,false,false,false,false,0x0001
796.000,0.000000,0.000000,0.000000,0.000000,false,false,false,false,false,false,false,false,false,0x0001
797.000,0.000000,0.000000,0.000000,0.000000,false,false,false,false,false,false,false,false,false,0x0001
798.000,0.000000,0.000000,0.000000,0.000000,false,false,false,false,false,false,false,false,false,0x0001
799.000,0.000000,0.000000,0.000000,0.000000,false,false,false,false,false,false,false,false,false,0x0001
800.000,0.000000,0.000000,0.000000,0.000000,false,false,false,false,false,false,false,false,false,0x0001
801.000,0.000000,0.000000,0.000000,0.000000,false,false,false,false,false,false,false,false,false,0x0001
802.000,0.000000,0.000000,0.000000,0.000000,false,false,false,false,false,false,false,false,false,0x0001
803.000,0.000000,0.000000,0.000000,0.000000,false,false,false,false,false,false,false,false,false,0x0001
804.000,0.000000,0.000000,0.000000,0.000000,false,false,false,false,false,false,false,false,false,0x0001
805.000,0.000000,0.000000,0.000000,0.000000,false,false,false,false,false,false,false,false,false,0x0001
806.000,0.000000,0.000000,0.000000,0.000000,false,false,false,false,false,false,false,false,false,0x0001
807.000,0.000000,0.000000,0.000000,0.000000,false,false,false,false,false,false,false,false,false,0x0001
808.000,0.000000,0.000000,0.000000,0.000000,false,false,false,false,false,false,false,false,false,0x0001
809.000,0.000000,0.000000,0.000000,0.000000,false,false,false,false,false,false,false,false,false,0x0001
810.000,0.000000,0.000000,0.000000,0.000000,false,false,false,false,false,false,false,false,false,0x0001
811.000,0.000000,0.000000,0.000000,0.000000,false,false,false,false,false,false,false,false,false,0x0001
812.000,0.000000,0.000000,0.000000,0.000000,false,false,false,false,false,false,false,false,false,0x0001
813.000,0.000000,0.000000,0.000000,0.000000,false,false,false,false,false,false,false,false,false,0x0001
814.000,0.000000,0.000000,0.000000,0.000000,false,false,false,false,false,false,false,false,false,0x0001
815.000,0.000000,0.000000,0.000000,0.000000,false,false,false,false,false,false,false,false,false,0x0001
816.000,0.000000,0.000000,0.000000,0.000000,false,false,false,false,false,false,false,false,false,0x0001
817.000,0.000000,0.000000,0.000000,0.000000,false,false,false,false,false,false,false,false,false,0x0001
818.000,0.000000,0.000000,0.000000,0.000000,false,false,false,false,false,false,false,false,false,0x0001
819.000,0.000000,0.000000,0.000000,0.000000,false,false,false,false,false,false,false,false,false,0x0001
820.000,0.000000,0.000000,0.000000,0.000000,false,false,false,false,false,false,false,false,false,0x0001
821.000,0.000000,0.000000,0.000000,0.000000,false,false,false,false,false,false,false,false,false,0x0001
822.000,0.000000,0.000000,0.000000,0.000000,false,false,false,false,false,false,false,false,false,0x0001
823.000,0.000000,0.000000,0.000000,0.000000,false,false,false,false,false,false,false,false,false,0x0001
824.000,0.000000,0.000000,0.000000,0.000000,false,false,false,false,false,false,false,false,false,0x0001
825.000,0.000000,0.000000,0.000000,0.000000,false,false,false,false,false,false,false,false,false,0x0001
826.000,0.000000,0.000000,0.000000,0.000000,false,false,false,false,false,false,false,false,false,0x0001
827.000,0.000000,0.000000,0.000000,0.000000,false,false,false,false,false,false,false,false,false,0x0001
828.000,0.000000,0.000000,0.000000,0.000000,false,false,false,false,false,false,false,false,false,0x0001
829.000,0.000000,0.000000,0.000000,0.000000,false,false,false,false,false,false,false,false,false,0x0001
830.000,0.000000,0.000000,0.000000,0.000000,false,false,false,false,false,false,false,false,false,0x0001
831.000,0.000000,0.000000,0.000000,0.000000,false,false,false,false,false,false,false,false,false,0x0001
832.000,0.000000,0.000000,0.000000,0.000000,false,false,false,false,false,false,false,false,false,0x0001
833.000,0.000000,0.000000,0.000000,0.000000,false,false,false,false,false,false,false,false,false,0x0001
834.000,0.000000,0.000000,0.000000,0.000000,false,false,false,false,false,false,false,false,false,0x0001
835.000,0.000000,0.000000,0.000000,0.000000,false,false,false,false,false,false,false,false,false,0x0001
836.000,0.000000,0.000000,0.000000,0.000000,false,false,false,false,false,false,false,false,false,0x0001
837.000,0.000000,0.000000,0.000000,0.000000,false,false,false,false,false,false,false,false,false,0x0001
838.000,0.000000,0.000000,0.000000,0.000000,false,false,false,false,false,false,false,false,false,0x0001
839.000,0.000000,0.000000,0.000000,0.000000,false,false,false,false,false,false,false,false,false,0x0001
840.000,0.000000,0.000000,0.000000,0.000000,false,false,false,false,false,false,false,false,false,0x0001
841.000,0.000000,0.000000,0.000000,0.000000,false,false,false,false,false,false,false,false,false,0x0001
842.000,0.000000,0.000000,0.000000,0.000000,false,false,false,false,false,false,false,false,false,0x0001
843.000,0.000000,0.000000,0.000000,0.000000,false,false,false,false,false,false,false,false,false,0x0001
844.000,0.000000,0.000000,0.000000,0.000000,false,false,false,false,false,false,false,false,false,0x0001
845.000,0.000000,0.000000,0.000000,0.000000,false,false,false,false,false,false,false,false,false,0x0001
846.000,0.000000,0.000000,0.000000,0.000000,false,false,false,false,false,false,false,false,false,0x0001
847.000,0.000000,0.000000,0.000000,0.000000,false,false,false,false,false,false,false,false,false,0x0001
848.000,0.000000,0.000000,0.000000,0.000000,false,false,false,false,false,false,false,false,false,0x0001
849.000,0.000000,0.000000,0.000000,0.000000,false,false,false,false,false,false,false,false,false,0x0001
850.000,0.000000,0.000000,0.000000,0.000000,false,false,false,false,false,false,false,false,false,0x0001
851.000,0.000000,0.000000,0.000000,0.000000,false,false,false,false,false,false,false,false,false,0x0001
852.000,0.000000,0.000000,0.000000,0.000000,false,false,false,false,false,false,false,false,false,0x0001
853.000,0.000000,0.000000,0.000000,0.000000,false,false,false,false,false,false,false,false,false,0x0001
854.000,0.000000,0.000000,0.000000,0.000000,false,false,false,false,false,false,false,false,false,0x0001
855.000,0.000000,0.000000,0.000000,0.000000,false,false,false,false,false,false,false,false,false,0x0001
856.000,0.000000,0.000000,0.000000,0.000000,false,false,false,false,false,false,false,false,false,0x0001
857.000,0.000000,0.000000,0.000000,0.000000,false,false,false,false,false,false,false,false,false,0x0001
858.000,0.000000,0.000000,0.000000,0.000000,false,false,false,false,false,false,false,false,false,0x0001
859.000,0.000000,0.000000,0.000000,0.000000,false,false,false,false,false,false,false,false,false,0x0001
860.000,0.000000,0.000000,0.000000,0.000000,false,false,false,false,false,false,false,false,false,0x0001
861.000,0.000000,0.000000,0.000000,0.000000,false,false,false,false,false,false,false,false,false,0x0001
862.000,0.000000,0.000000,0.000000,0.000000,false,false,false,false,false,false,false,false,false,0x0001
863.000,0.000000,0.000000,0.000000,0.000000,false,false,false,false,false,false,false,false,false,0x0001
864.000,0.000000,0.000000,0.000000,0.000000,false,false,false,false,false,false,false,false,false,0x0001
865.000,0.000000,0.000000,0.000000,0.000000,false,false,false,false,false,false,false,false,false,0x0001
866.000,0.000000,0.000000,0.000000,0.000000,false,false,false,false,false,false,false,false,false,0x0001
867.000,0.000000,0.000000,0.000000,0.000000,false,false,false,false,false,false,false,false,false,0x0001
868.000,0.000000,0.000000,0.000000,0.000000,false,false,false,false,false,false,false,false,false,0x0001
869.000,0.000000,0.000000,0.000000,0.000000,false,false,false,false,false,false,false,false,false,0x0001
870.000,0.000000,0.000000,0.000000,0.000000,false,false,false,false,false,false,false,false,false,0x0001
871.000,0.000000,0.000000,0.000000,0.000000,false,false,false,false,false,false,false,false,false,0x0001
872.000,0.000000,0.000000,0.000000,0.000000,false,false,false,false,false,false,false,false,false,0x0001
873.000,0.000000,0.000000,0.000000,0.000000,false,false,false,false,false,false,false,false,false,0x0001
874.000,0.000000,0.000000,0.000000,0.000000,false,false,false,false,false,false,false,false,false,0x0001
875.000,0.000000,0.000000,0.000000,0.000000,false,false,false,false,false,false,false,false,false,0x0001
876.000,0.000000,0.000000,0.000000,0.000000,false,false,false,false,false,false,false,false,false,0x0001
877.000,0.000000,0.000000,0.000000,0.000000,false,false,false,false,false,false,false,false,false,0x0001
878.000,0.000000,0.000000,0.000000,0.000000,false,false,false,false,false,false,false,false,false,0x0001
879.000,0.000000,0.000000,0.000000,0.000000,false,false,false,false,false,false,false,false,false,0x0001
880.000,0.000000,0.000000,0.000000,0.000000,false,false,false,false,false,false,false,false,false,0x0001
881.000,0.000000,0.000000,0.000000,0.000000,false,false,false,false,false,false,false,false,false,0x0001
882.000,0.000000,0.000000,0.000000,0.000000,false,false,false,false,false,false,false,false,false,0x0001
883.000,0.000000,0.000000,0.000000,0.000000,false,false,false,false,false,false,false,false,false,0x0001
884.000,0.000000,0.000000,0.000000,0.000000,false,false,false,false,false,false,false,false,false,0x0001
885.000,0.000000,0.000000,0.000000,0.000000,false,false,false,false,false,false,false,false,false,0x0001
886.000,0.000000,0.000000,0.000000,0.000000,false,false,false,false,false,false,false,false,false,0x0001
887.000,0.000000,0.000000,0.000000,0.000000,false,false,false,false,false,false,false,false,false,0x0001
888.000,0.000000,0.000000,0.000000,0.000000,false,false,false,false,false,false,false,false,false,0x0001
889.000,0.000000,0.000000,0.000000,0.000000,false,false,false,false,false,false,false,false,false,0x0001
890.000,0.000000,0.000000,0.000000,0.000000,false,false,false,false,false,false,false,false,false,0x0001
891.000,0.000000,0.000000,0.000000,0.000000,false,false,false,false,false,false,false,false,false,0x0001
892.000,0.000000,0.000000,0.000000,0.000000,false,false,false,false,false,false,false,false,false,0x0001
893.000,0.000000,0.000000,0.000000,0.000000,false,false,false,false,false,false,false,false,false,0x0001
894.000,0.000000,0.000000,0.000000,0.000000,false,false,false,false,false,false,false,false,false,0x0001
895.000,0.000000,0.000000,0.000000,0.000000,false,false,false,false,false,false,false,false,false,0x0001
896.000,0.000000,0.000000,0.000000,0.000000,false,false,false,false,false,false,false,false,false,0x0001
897.000,0.000000,0.000000,0.000000,0.000000,false,false,false,false,false,false,false,false,false,0x0001
898.000,0.000000,0.000000,0.000000,0.000000,false,false,false,false,false,false,false,false,false,0x0001
899.000,0.000000,0.000000,0.000000,0.000000,false,false,false,false,false,false,false,false,false,0x0001
900.000,0.000000,0.000000,0.000000,0.000000,false,false,false,false,false,false,false,false,false,0x0001
901.000,0.000000,0.000000,0.000000,0.000000,false,false,false,false,false,false,false,false,false,0x0001
902.000,0.000000,0.000000,0.000000,0.000000,false,false,false,false,false,false,false,false,false,0x0001
903.000,0.000000,0.000000,0.000000,0.000000,false,false,false,false,false,false,false,false,false,0x0001
904.000,0.000000,0.000000,0.000000,0.000000,false,false,false,false,false,false,false,false,false,0x0001
905.000,0.000000,0.000000,0.000000,0.000000,false,false,false,false,false,false,false,false,false,0x0001
906.000,0.000000,0.000000,0.000000,0.000000,false,false,false,false,false,false,false,false,false,0x0001
907.000,0.000000,0.000000,0.000000,0.000000,false,false,false,false,false,false,false,false,false,0x0001
908.000,0.000000,0.000000,0.000000,0.000000,false,false,false,false,false,false,false,false,false,0x0001
909.000,0.000000,0.000000,0.000000,0.000000,false,false,false,false,false,false,false,false,false,0x0001
910.000,0.000000,0.000000,0.000000,0.000000,false,false,false,false,false,false,false,false,false,0x0001
911.000,0.000000,0.000000,0.000000,0.000000,false,false,false,false,false,false,false,false,false,0x0001
912.000,0.000000,0.000000,0.000000,0.000000,false,false,false,false,false,false,false,false,false,0x0001
913.000,0.000000,0.000000,0.000000,0.000000,false,false,false,false,false,false,false,false,false,0x0001
914.000,0.000000,0.000000,0.000000,0.000000,false,false,false,false,false,false,false,false,false,0x0001
915.000,0.000000,0.000000,0.000000,0.000000,false,false,false,false,false,false,false,false,false,0x0001
916.000,0.000000,0.000000,0.000000,0.000000,false,false,false,false,false,false,false,false,false,0x0001
917.000,0.000000,0.000000,0.000000,0.000000,false,false,false,false,false,false,false,false,false,0x0001
918.000,0.000000,0.000000,0.000000,0.000000,false,false,false,false,false,false,false,false,false,0x0001
919.000,0.000000,0.000000,0.000000,0.000000,false,false,false,false,false,false,false,false,false,0x0001
920.000,0.000000,0.000000,0.000000,0.000000,false,false,false,false,false,false,false,false,false,0x0001
921.000,0.000000,0.000000,0.000000,0.000000,false,false,false,false,false,false,false,false,false,0x0001
922.000,0.000000,0.000000,0.000000,0.000000,false,false,false,false,false,false,false,false,false,0x0001
923.000,0.000000,0.000000,0.000000,0.000000,false,false,false,false,false,false,false,false,false,0x0001
924.000,0.000000,0.000000,0.000000,0.000000,false,false,false,false,false,false,false,false,false,0x0001
925.000,0.000000,0.000000,0.000000,0.000000,false,false,false,false,false,false,false,false,false,0x0001
926.000,0.000000,0.000000,0.000000,0.000000,false,false,false,false,false,false,false,false,false,0x0001
927.000,0.000000,0.000000,0.000000,0.000000,false,false,false,false,false,false,false,false,false,0x0001
928.000,0.000000,0.000000,0.000000,0.000000,false,false,false,false,false,false,false,false,false,0x0001
929.000,0.000000,0.000000,0.000000,0.000000,false,false,false,false,false,false,false,false,false,0x0001
930.000,0.000000,0.000000,0.000000,0.000000,false,false,false,false,false,false,false,false,false,0x0001
931.000,0.000000,0.000000,0.000000,0.000000,false,false,false,false,false,false,false,false,false,0x0001
932.000,0.000000,0.000000,0.000000,0.000000,false,false,false,false,false,false,false,false,false,0x0001
933.000,0.000000,0.000000,0.000000,0.000000,false,false,false,false,false,false,false,false,false,0x0001
934.000,0.000000,0.000000,0.000000,0.000000,false,false,false,false,false,false,false,false,false,0x0001
935.000,0.000000,0.000000,0.000000,0.000000,false,false,false,false,false,false,false,false,false,0x0001
936.000,0.000000,0.000000,0.000000,0.000000,false,false,false,false,false,false,false,false,false,0x0001
937.000,0.000000,0.000000,0.000000,0.000000,false,false,false,false,false,false,false,false,false,0x0001
938.000,0.000000,0.000000,0.000000,0.000000,false,false,false,false,false,false,false,false,false,0x0001
939.000,0.000000,0.000000,0.000000,0.000000,false,false,false,false,false,false,false,false,false,0x0001
940.000,0.000000,0.000000,0.000000,0.000000,false,false,false,false,false,false,false,false,false,0x0001
941.000,0.000000,0.000000,0.000000,0.000000,false,false,false,false,false,false,false,false,false,0x0001
942.000,0.000000,0.000000,0.000000,0.000000,false,false,false,false,false,false,false,false,false,0x0001
943.000,0.000000,0.000000,0.000000,0.000000,false,false,false,false,false,false,false,false,false,0x0001
944.000,0.000000,0.000000,0.000000,0.000000,false,false,false,false,false,false,false,false,false,0x0001
945.000,0.000000,0.000000,0.000000,0.000000,false,false,false,false,false,false,false,false,false,0x0001
946.000,0.000000,0.000000,0.000000,0.000000,false,false,false,false,false,false,false,false,false,0x0001
947.000,0.000000,0.000000,0.000000,0.000000,false,false,false,false,false,false,false,false,false,0x0001
948.000,0.000000,0.000000,0.000000,0.000000,false,false,false,false,false,false,false,false,false,0x0001
949.000,0.000000,0.000000,0.000000,0.000000,false,false,false,false,false,false,false,false,false,0x0001
950.000,0.000000,0.000000,0.000000,0.000000,false,false,false,false,false,false,false,false,false,0x0001
951.000,0.000000,0.000000,0.000000,0.000000,false,false,false,false,false,false,false,false,false,0x0001
952.000,0.000000,0.000000,0.000000,0.000000,false,false,false,false,false,false,false,false,false,0x0001
953.000,0.000000,0.000000,0.000000,0.000000,false,false,false,false,false,false,false,false,false,0x0001
954.000,0.000000,0.000000,0.000000,0.000000,false,false,false,false,false,false,false,false,false,0x0001
955.000,0.000000,0.000000,0.000000,0.000000,false,false,false,false,false,false,false,false,false,0x0001
956.000,0.000000,0.000000,0.000000,0.000000,false,false,false,false,false,false,false,false,false,0x0001
957.000,0.000000,0.000000,0.000000,0.000000,false,false,false,false,false,false,false,false,false,0x0001
958.000,0.000000,0.000000,0.000000,0.000000,false,false,false,false,false,false,false,false,false,0x0001
959.000,0.000000,0.000000,0.000000,0.000000,false,false,false,false,false,false,false,false,false,0x0001
960.000,0.000000,0.000000,0.000000,0.000000,false,false,false,false,false,false,false,false,false,0x0001
961.000,0.000000,0.000000,0.000000,0.000000,false,false,false,false,false,false,false,false,false,0x0001
962.000,0.000000,0.000000,0.000000,0.000000,false,false,false,false,false,false,false,false,false,0x0001
963.000,0.000000,0.000000,0.000000,0.000000,false,false,false,false,false,false,false,false,false,0x0001
964.000,0.000000,0.000000,0.000000,0.000000,false,false,false,false,false,false,false,false,false,0x0001
965.000,0.000000,0.000000,0.000000,0.000000,false,false,false,false,false,false,false,false,false,0x0001
966.000,0.000000,0.000000,0.000000,0.000000,false,false,false,false,false,false,false,false,false,0x0001
967.000,0.000000,0.000000,0.000000,0.000000,false,false,false,false,false,false,false,false,false,0x0001
968.000,0.000000,0.000000,0.000000,0.000000,false,false,false,false,false,false,false,false,false,0x0001
969.000,0.000000,0.000000,0.000000,0.000000,false,false,false,false,false,false,false,false,false,0x0001
970.000,0.000000,0.000000,0.000000,0.000000,false,false,false,false,false,false,false,false,false,0x0001
971.000,0.000000,0.000000,0.000000,0.000000,false,false,false,false,false,false,false,false,false,0x0001
972.000,0.000000,0.000000,0.000000,0.000000,false,false,false,false,false,false,false,false,false,0x0001
973.000,0.000000,0.000000,0.000000,0.000000,false,false,false,false,false,false,false,false,false,0x0001
974.000,0.000000,0.000000,0.000000,0.000000,false,false,false,false,false,false,false,false,false,0x0001
975.000,0.000000,0.000000,0.000000,0.000000,false,false,false,false,false,false,false,false,false,0x0001
976.000,0.000000,0.000000,0.000000,0.000000,false,false,false,false,false,false,false,false,false,0x0001
977.000,0.000000,0.000000,0.000000,0.000000,false,false,false,false,false,false,false,false,false,0x0001
978.000,0.000000,0.000000,0.000000,0.000000,false,false,false,false,false,false,false,false,false,0x0001
979.000,0.000000,0.000000,0.000000,0.000000,false,false,false,false,false,false,false,false,false,0x0001
980.000,0.000000,0.000000,0.000000,0.000000,false,false,false,false,false,false,false,false,false,0x0001
981.000,0.000000,0.000000,0.000000,0.000000,false,false,false,false,false,false,false,false,false,0x0001
982.000,0.000000,0.000000,0.000000,0.000000,false,false,false,false,false,false,false,false,false,0x0001
983.000,0.000000,0.000000,0.000000,0.000000,false,false,false,false,false,false,false,false,false,0x0001
984.000,0.000000,0.000000,0.000000,0.000000,false,false,false,false,false,false,false,false,false,0x0001
985.000,0.000000,0.000000,0.000000,0.000000,false,false,false,false,false,false,false,false,false,0x0001
986.000,0.000000,0.000000,0.000000,0.000000,false,false,false,false,false,false,false,false,false,0x0001
987.000,0.000000,0.000000,0.000000,0.000000,false,false,false,false,false,false,false,false,false,0x0001
988.000,0.000000,0.000000,0.000000,0.000000,false,false,false,false,false,false,false,false,false,0x0001
989.000,0.000000,0.000000,0.000000,0.000000,false,false,false,false,false,false,false,false,false,0x0001
990.000,0.000000,0.000000,0.000000,0.000000,false,false,false,false,false,false,false,false,false,0x0001
991.000,0.000000,0.000000,0.000000,0.000000,false,false,false,false,false,false,false,false,false,0x0001
992.000,0.000000,0.000000,0.000000,0.000000,false,false,false,false,false,false,false,false,false,0x0001
993.000,0.000000,0.000000,0.000000,0.000000,false,false,false,false,false,false,false,false,false,0x0001
994.000,0.000000,0.000000,0.000000,0.000000,false,false,false,false,false,false,false,false,false,0x0001
995.000,0.000000,0.000000,0.000000,0.000000,false,false,false,false,false,false,false,false,false,0x0001
996.000,0.000000,0.000000,0.000000,0.000000,false,false,false,false,false,false,false,false,false,0x0001
997.000,0.000000,0.000000,0.000000,0.000000,false,false,false,false,false,false,false,false,false,0x0001
998.000,0.000000,0.000000,0.000000,0.000000,false,false,false,false,false,false,false,false,false,0x0001
999.000,0.000000,0.000000,0.000000,0.000000,false,false,false,false,false,false,false,false,false,0x0001
